crop_name,soil_type,soil_moisture_level,temperature,humidity,rainfall,region_name,season,crop_age_in_days,predicted_disease_name
sugarcane,redsoil,46,27,86,1162,srikakulam,kharif,366,redrot
sugarcane,redsoil,43,29,76,1162,srikakulam,kharif,91,smut
sugarcane,redsoil,56,26,81,1162,srikakulam,kharif,16,settrot
sugarcane,redsoil,49,31,71,1162,srikakulam,kharif,181,wilt
sugarcane,redsoil,51,28,89,1162,srikakulam,kharif,151,rust
sugarcane,redsoil,48,29,79,1162,srikakulam,kharif,121,guosis
sugarcane,redsoil,47,28,83,1162,srikakulam,kharif,101,redstripe
sugarcane,redsoil,45,27,81,1162,srikakulam,kharif,91,sugarcanemosaicvirus
sugarcane,redsoil,51,30,79,1162,srikakulam,kharif,151,grassyshootdisease
sugarcane,redsoil,44,29,83,1162,srikakulam,kharif,366,ratoonstuntingdisease
sugarcane,redclayloam,51,30,79,1200,visakhapatnam,kharif,151,grassyshootdisease
sugarcane,redclayloam,46,27,86,1200,visakhapatnam,kharif,366,redrot
sugarcane,redclayloam,43,29,76,1200,visakhapatnam,kharif,91,smut
sugarcane,redclayloam,56,26,81,1200,visakhapatnam,kharif,16,settrot
sugarcane,redclayloam,49,31,71,1200,visakhapatnam,kharif,181,wilt
sugarcane,redclayloam,51,28,89,1200,visakhapatnam,kharif,151,rust
sugarcane,redclayloam,48,29,79,1200,visakhapatnam,kharif,121,guosis
sugarcane,redclayloam,47,28,83,1200,visakhapatnam,kharif,101,redstripe
sugarcane,clayloam,49,28,81,1200,visakhapatnam,kharif,366,redrot
sugarcane,clayloam,46,30,75,1200,visakhapatnam,kharif,91,smut
sugarcane,clayloam,56,27,83,1200,visakhapatnam,kharif,16,settrot
sugarcane,clayloam,51,31,73,1200,visakhapatnam,kharif,181,wilt
sugarcane,clayloam,52,28,87,1200,visakhapatnam,kharif,151,rust
sugarcane,redsandyloam,43,28,79,1200,visakhapatnam,kharif,366,redrot
sugarcane,redsandyloam,41,30,71,1200,visakhapatnam,kharif,91,smut
sugarcane,redsandyloam,54,26,83,1200,visakhapatnam,kharif,16,settrot
sugarcane,redsandyloam,49,28,86,1200,visakhapatnam,kharif,151,rust
sugarcane,clayloam,49,29,79,1200,visakhapatnam,kharif,121,guosis
sugarcane,redsandyloam,46,29,78,1200,visakhapatnam,kharif,121,guosis
sugarcane,clayloam,45,27,80,1200,visakhapatnam,kharif,91,sugarcanemosaicvirus
sugarcane,clayloam,43,29,81,1132,vizayanagaram,kharif,366,ratoonstuntingdisease
sugarcane,redsandyloam,46,27,86,1132,vizayanagaram,kharif,366,redrot
sugarcane,redsandyloam,43,29,76,1132,vizayanagaram,kharif,91,smut
sugarcane,redsandyloam,54,26,81,1132,vizayanagaram,kharif,16,settrot
sugarcane,redsandyloam,49,31,71,1132,vizayanagaram,kharif,181,wilt
sugarcane,redsandyloam,51,28,89,1132,vizayanagaram,kharif,151,rust
sugarcane,redsandyloam,46,29,79,1132,vizayanagaram,kharif,121,guosis
sugarcane,redsandyclayloam,49,28,83,1132,vizayanagaram,kharif,101,redstripe
sugarcane,redsandyclayloam,45,27,81,1132,vizayanagaram,kharif,91,sugarcanemosaicvirus
sugarcane,redsandyclayloam,51,30,79,1132,vizayanagaram,kharif,151,grassyshootdisease
sugarcane,redsandyclayloam,44,29,83,1132,vizayanagaram,kharif,366,ratoonstuntingdisease
sugarcane,clayloam,49,28,81,1132,vizayanagaram,kharif,366,redrot
sugarcane,clayloam,46,30,75,1132,vizayanagaram,kharif,91,smut
sugarcane,clayloam,56,27,83,1132,vizayanagaram,kharif,16,settrot
sugarcane,clayloam,51,31,73,1132,vizayanagaram,kharif,181,wilt
sugarcane,clayloam,52,28,87,1132,vizayanagaram,kharif,151,rust
sugarcane,clayloam,49,29,79,1132,vizayanagaram,kharif,121,guosis
sugarcane,clayloam,47,29,82,1132,vizayanagaram,kharif,101,redstripe
sugarcane,clayloam,45,27,80,1132,vizayanagaram,kharif,91,sugarcanemosaicvirus
sugarcane,clayloam,52,30,78,1132,vizayanagaram,kharif,151,grassyshootdisease
sugarcane,redsandyloam,46,29,83,1020,eastgodavari,kharif,366,ratoonstuntingdisease
sugarcane,sandyclayloam,56,29,86,1020,eastgodavari,kharif,366,redrot
sugarcane,sandyclayloam,53,31,79,1020,eastgodavari,kharif,91,smut
sugarcane,sandyclayloam,61,27,86,1020,eastgodavari,rabi,16,settrot
sugarcane,sandyclayloam,59,32,81,1020,eastgodavari,kharif,181,wilt
sugarcane,clayloam,58,29,89,1020,eastgodavari,kharif,151,rust
sugarcane,clayloam,54,30,80,1020,eastgodavari,rabi,121,guosis
sugarcane,clayloam,51,28,84,1020,eastgodavari,rabi,101,redstripe
sugarcane,clayloam,56,29,82,1020,eastgodavari,rabi,91,sugarcanemosaicvirus
sugarcane,redsandyloam,49,30,80,1020,eastgodavari,kharif,151,grassyshootdisease
sugarcane,clayloam,57,29,86,1152,westgodavari,kharif,366,ratoonstuntingdisease
sugarcane,redsandyloam,53,29,86,1152,westgodavari,kharif,366,redrot
sugarcane,clayloam,56,31,81,1152,westgodavari,kharif,91,smut
sugarcane,alluvial,59,30,85,1152,westgodavari,kharif,16,settrot
sugarcane,deltaicalluvial,61,29,87,1152,westgodavari,kharif,181,wilt
sugarcane,clayloam,55,28,89,1152,westgodavari,kharif,151,rust
sugarcane,clayloam,56,29,83,1152,westgodavari,kharif,91,sugarcanemosaicvirus
sugarcane,deltaicalluvial,61,28,85,1152,westgodavari,kharif,151,grassyshootdisease
sugarcane,redloam,53,29,81,1034,krishna,rabi,366,ratoonstuntingdisease
sugarcane,blackcottonsoil,59,29,83,1034,krishna,rabi,366,redrot
sugarcane,redloam,53,30,81,1034,krishna,rabi,91,smut
sugarcane,sandyclayloam,56,29,82,1034,krishna,rabi,16,settrot
sugarcane,blackcottonsoil,61,28,79,1034,krishna,rabi,181,wilt
sugarcane,redloam,54,27,80,1034,krishna,rabi,151,rust
sugarcane,blackcottonsoil,58,29,81,1034,krishna,rabi,121,sugarcanemosaicvirus
sugarcane,sandyclayloam,56,28,82,1034,krishna,rabi,181,grassyshootdisease
sugarcane,coastalsandysoil,47,31,81,1095,nellore,kharif,271,redstripe
sugarcane,redsoil,59,30,79,1095,nellore,kharif,366,redrot
sugarcane,coastalsandysoil,46,31,83,1095,nellore,kharif,16,settrot
sugarcane,redsoil,55,29,77,1095,nellore,kharif,91,smut
sugarcane,blackcottonsoil,63,29,80,1095,nellore,rabi,181,wilt
sugarcane,redsoil,56,30,76,1095,nellore,rabi,151,rust
sugarcane,coastalsandysoil,48,29,84,1095,nellore,rabi,121,sugarcanemosaic
sugarcane,alluvialsoil,64,28,78,1095,nellore,rabi,181,grassyshoot
sugarcane,blackcottonsoil,66,29,79,1095,nellore,rabi,366,ratoonstunting
sugarcane,redsoil,53,29,75,1095,nellore,rabi,201,guosis
sugarcane,redsandy,45,31,68,934,chittoor,kharif,101,redstripe
sugarcane,redloam,49,31,71,934,chittoor,kharif,361,redrot
sugarcane,redsandy,43,32,69,934,chittoor,kharif,91,smut
sugarcane,blackloamy,56,29,76,934,chittoor,kharif,181,sugarcanemosaic
sugarcane,redclay,51,30,73,934,chittoor,kharif,121,wilt
sugarcane,redsandy,46,33,66,934,chittoor,kharif,16,settrot
sugarcane,redloam,48,31,73,934,chittoor,kharif,271,ratoonstunting
sugarcane,blackloamy,57,28,75,934,chittoor,kharif,151,grassyshoot
sugarcane,redloam,50,30,71,934,chittoor,kharif,201,guosis
sugarcane,redclay,47,29,70,934,chittoor,kharif,301,rust
sugarcane,deltaicalluvial,56,30,79,1153,westgodavari,kharif,301,ratoonstunting
sugarcane,clayloam,55,31,79,1204,eastgodavari,kharif,361,redrot
sugarcane,redsandyloam,46,33,66,1034,krishna,kharif,91,smut
sugarcane,sandyclayloam,49,32,76,1202,visakhapatnam,kharif,31,settrot
sugarcane,redloam,51,30,74,934,chittoor,kharif,121,wilt
sugarcane,clayloam,53,29,75,1153,westgodavari,kharif,271,rust
sugarcane,redclayloam,50,32,71,1204,eastgodavari,kharif,151,guosis
sugarcane,sandyalluvial,44,33,67,1034,nellore,kharif,101,redstripe
sugarcane,blackloamy,57,29,73,934,chittoor,kharif,181,sugarcanemosaic
sugarcane,redsandyloam,48,33,66,1162,srikakulam,kharif,61,grassyshoot
paddy,redsoil,89,28,90,705,srikakulam,kharif,46,ricegrassystuntdisease
paddy,redsoil,87,27,89,705,srikakulam,kharif,51,riceraggedstuntdisease
paddy,redsoil,81,29,86,705,srikakulam,kharif,41,blast
paddy,redsoil,79,27,81,705,srikakulam,kharif,51,brownspot
paddy,redsoil,83,28,84,705,srikakulam,kharif,61,narrowbrownleafspot
paddy,redsoil,89,29,91,705,srikakulam,kharif,66,sheathrot
paddy,redsoil,91,30,93,705,srikakulam,kharif,71,sheathblight
paddy,redsoil,86,29,89,705,srikakulam,kharif,76,falsesmut
paddy,redsoil,85,30,88,705,srikakulam,kharif,61,stemrot
paddy,redsoil,90,28,92,705,srikakulam,kharif,56,bacterialleafblight
paddy,redsoil,81,27,87,705,srikakulam,kharif,51,bacterialleafstreak
paddy,redsoil,92,26,93,705,srikakulam,kharif,61,ricetungrodisease
paddy,redsandyclayloam,89,28,90,692,vizayanagaram,kharif,46,ricegrassystuntdisease
paddy,redsandyloam,83,29,86,692,vizayanagaram,kharif,41,blast
paddy,redsandyclayloam,81,28,84,692,vizayanagaram,kharif,51,brownspot
paddy,redsandyloam,86,30,89,692,vizayanagaram,kharif,61,sheathblight
paddy,redloamysandysoil,87,30,90,692,vizayanagaram,kharif,71,falsesmut
paddy,redsandyloam,85,28,89,692,vizayanagaram,kharif,56,bacterialleafblight
paddy,redsandyloam,83,27,86,692,vizayanagaram,kharif,51,bacterialleafstreak
paddy,redsandyloam,91,26,93,692,vizayanagaram,kharif,61,ricetungrodisease
paddy,sandyclayloam,74,26,73,150,eastgodavari,rabi,51,bacterialleafstreak
paddy,clayloamysoil,89,30,91,760,eastgodavari,kharif,41,blast
paddy,sandyclayloam,86,29,89,760,eastgodavari,kharif,51,brownspot
paddy,clayloamysoil,91,31,92,760,eastgodavari,kharif,61,sheathblight
paddy,redsandyloam,85,30,90,760,eastgodavari,kharif,66,falsesmut
paddy,sandyclayloam,87,29,88,760,eastgodavari,kharif,71,sheathrot
paddy,clayloamysoil,91,28,93,760,eastgodavari,kharif,56,bacterialleafblight
paddy,clayloamysoil,86,27,89,760,eastgodavari,kharif,51,bacterialleafstreak
paddy,redsandyloam,90,29,91,760,eastgodavari,kharif,61,ricetungrodisease
paddy,sandyclayloam,88,28,90,760,eastgodavari,kharif,51,ricegrassystuntdisease
paddy,clayloamysoil,76,25,71,160,eastgodavari,rabi,41,blast
paddy,sandyclayloam,73,24,69,150,eastgodavari,rabi,51,brownspot
paddy,clayloamysoil,79,26,74,160,eastgodavari,rabi,61,falsesmut
paddy,redsandyloam,75,27,71,150,eastgodavari,rabi,66,bacterialleafblight
paddy,heavyclays,76,27,72,239,westgodavari,rabi,66,bacterialleafstreak
paddy,clayloam,89,29,91,792,westgodavari,kharif,36,blast
paddy,redsandyloam,83,30,89,792,westgodavari,kharif,41,brownspot
paddy,deltaicalluvial,86,28,93,792,westgodavari,kharif,51,sheathblight
paddy,heavyclays,91,27,92,792,westgodavari,kharif,61,bacterialleafblight
paddy,sandyalluvial,87,29,88,792,westgodavari,kharif,56,falsesmut
paddy,clayloam,77,25,73,239,westgodavari,rabi,36,brownspot
paddy,redsandyloam,75,24,71,239,westgodavari,rabi,46,bacterialleafblight
paddy,deltaicalluvial,79,26,74,239,westgodavari,rabi,51,sheathrot
paddy,clayloam,73,25,70,239,westgodavari,rabi,61,falsesmut
paddy,alluvialsoils,86,31,79,700,guntur,rabi,46,sheathblight
paddy,blackcottonsoils,83,29,81,600,guntur,rabi,91,blast
paddy,blackcottonsoils,65,31,81,500,guntur,rabi,61,footrot
paddy,redsoils,69,29,91,700,guntur,rabi,61,bacterialleafstreak
paddy,alluvialsoils,80,31,81,500,guntur,kharif,91,sheathrot
paddy,blackcottonsoils,65,31,86,500,guntur,rabi,91,brownspot
paddy,redsoils,65,27,86,600,guntur,rabi,76,footrot
paddy,alluvialsoils,81,27,79,500,guntur,rabi,31,sheathrot
paddy,alluvialsoils,83,27,81,450,guntur,rabi,76,falsesmut
paddy,redsoils,73,33,81,600,guntur,rabi,31,blast
paddy,redloams,67,26,81,700,krishna,kharif,71,falsesmut
paddy,blackcottonsoils,69,29,86,720,krishna,kharif,51,bacterialleafblight
paddy,redloams,63,28,83,700,krishna,kharif,61,sheathblight
paddy,sandyclayloams,61,27,79,685,krishna,kharif,46,brownspot
paddy,blackcottonsoils,71,30,88,730,krishna,kharif,71,falsesmut
paddy,alluvialsoils,76,26,91,750,krishna,kharif,56,leafblast
paddy,blackcottonsoils,66,25,84,260,krishna,rabi,61,footrot
paddy,redloams,61,24,79,250,krishna,rabi,66,sheathrot
paddy,sandyclayloams,59,23,77,270,krishna,rabi,71,tungrovirus
paddy,alluvialsoils,67,25,81,255,krishna,rabi,51,bacterialleafstreak
paddy,blackcottonsoils,70,28,85,710,krishna,kharif,41,stemrot
paddy,redloams,64,27,82,695,krishna,kharif,66,neckblast
paddy,sandyclayloams,65,26,80,680,krishna,kharif,61,sheathblight
paddy,blackcottonsoils,68,27,84,715,krishna,kharif,56,bacterialpanicleblight
paddy,alluvialsoils,69,25,83,720,krishna,kharif,61,leafscald
paddy,sandyloamysoils,67,29,85,410,prakasam,kharif,46,sheathrot
paddy,shallowredsoils,61,29,86,400,prakasam,kharif,51,sheathblight
paddy,deepblackcottonsoils,71,27,89,450,prakasam,kharif,61,bacterialleafblight
paddy,sandyloamysoils,66,28,83,420,prakasam,kharif,46,brownspot
paddy,deepblackcottonsoils,81,25,91,470,prakasam,kharif,71,leafblast
paddy,shallowredsoils,59,30,76,390,prakasam,kharif,41,bacterialleafstreak
paddy,sandyloamysoils,73,26,88,460,prakasam,kharif,56,falsesmut
paddy,deepblackcottonsoils,79,29,87,430,prakasam,rabi,61,footrot
paddy,shallowredsoils,66,27,85,410,prakasam,rabi,56,sheathblight
paddy,sandyloamysoils,63,28,81,395,prakasam,rabi,51,brownspot
paddy,deepblackcottonsoils,76,26,90,460,prakasam,rabi,71,leafblast
paddy,shallowredsoils,61,29,86,400,prakasam,rabi,61,bacterialleafblight
paddy,sandysoils,71,27,88,430,prakasam,rabi,66,falsesmut
paddy,shallowredsoils,69,28,87,440,prakasam,kharif,51,stemrot
paddy,deepblackcottonsoils,77,26,91,470,prakasam,kharif,61,bacterialleafstreak
paddy,claysoils,83,27,92,455,nellore,rabi,76,falsesmut
paddy,redloams,71,29,86,400,nellore,kharif,41,sheathblight
paddy,redsandy,69,31,81,350,nellore,kharif,56,brownspot
paddy,claysoils,81,28,91,450,nellore,kharif,71,bacterialleafblight
paddy,blackloamy,76,30,89,420,nellore,kharif,66,sheathrot
paddy,redclay,66,32,79,380,nellore,kharif,46,blast
paddy,redloams,73,29,83,390,nellore,kharif,61,bacterialleafstreak
paddy,claysoils,86,27,93,460,nellore,kharif,81,falsesmut
paddy,redsandy,67,30,78,370,nellore,kharif,51,brownspot
paddy,redloams,79,28,88,440,nellore,kharif,76,sheathblight
paddy,claysoils,84,27,94,470,nellore,kharif,91,stemrot
paddy,blackloamy,77,29,90,430,nellore,kharif,86,falsesmut
paddy,redclay,71,31,80,410,nellore,kharif,61,blast
paddy,redloams,75,30,82,395,nellore,rabi,51,bacterialleafblight
paddy,redsandy,70,28,85,405,nellore,rabi,66,sheathrot
paddy,redclayloam,56,25,91,702,vishakapatanam,kharif,121,blast
paddy,redsandyloam,60,24,92,710,vishakapatanam,kharif,121,blast
paddy,redclayloam,41,27,83,692,vishakapatanam,kharif,121,brownspot
paddy,redsandyloam,47,28,84,698,vishakapatanam,kharif,121,brownspot
paddy,redclayloam,44,25,87,703,vishakapatanam,kharif,121,narrowbrownleafspot
paddy,redsandyloam,47,24,88,720,vishakapatanam,kharif,121,narrowbrownleafspot
paddy,redclayloam,73,25,86,713,vishakapatanam,kharif,121,sheathrot
paddy,redclayloam,80,25,92,708,vishakapatanam,kharif,121,sheathblight
paddy,redclayloam,68,28,91,703,vishakapatanam,kharif,121,falsesmut
paddy,redclayloam,56,27,87,713,vishakapatanam,kharif,121,udbattadisease
paddy,redclayloam,70,29,92,720,vishakapatanam,kharif,121,stackburn
paddy,redclayloam,81,28,90,713,vishakapatanam,kharif,121,stemrot
paddy,redclayloam,86,30,89,710,vishakapatanam,kharif,121,footrot
paddy,redclayloam,88,26,83,713,vishakapatanam,kharif,121,bacterialleafblight
paddy,redclayloam,89,30,87,713,vishakapatanam,kharif,121,bacterialleafstrike
paddy,redclayloam,71,30,73,713,vishakapatanam,kharif,121,ricetungrodisease
paddy,redsoil,76,28,86,251,kadapa,rabi,71,bacterialpanicleblight
paddy,blacksoil,73,29,86,394,kadapa,kharif,46,sheathblight
paddy,redsoil,69,30,84,394,kadapa,kharif,51,brownspot
paddy,redsoil,75,31,83,394,kadapa,kharif,61,blast
paddy,blacksoil,76,28,88,394,kadapa,kharif,66,falsesmut
paddy,redsoil,71,29,89,394,kadapa,kharif,71,bacterialleafblight
paddy,sandysoil,67,30,80,394,kadapa,kharif,76,ricetungrodisease
paddy,blacksoil,73,27,82,394,kadapa,kharif,61,sheathrot
paddy,redsoil,70,26,84,394,kadapa,kharif,51,bacterialleafstreak
paddy,redsoil,74,29,86,394,kadapa,kharif,71,stemrot
paddy,sandysoil,68,30,85,394,kadapa,kharif,61,grassystuntdisease
paddy,blacksoil,71,25,81,251,kadapa,rabi,51,bacterialleafstreak
paddy,redsoil,75,26,83,251,kadapa,rabi,61,sheathblight
paddy,blacksoil,77,27,85,251,kadapa,rabi,66,blast
paddy,redsoil,73,28,87,251,kadapa,rabi,71,falsesmut
paddy,redsoil,71,27,84,251,kadapa,rabi,61,footrot
paddy,sandysoil,66,29,82,251,kadapa,rabi,56,stackburn
paddy,blacksoil,79,30,89,251,kadapa,rabi,61,neckblast
paddy,redloams,64,27,82,410,chittoor,rabi,66,neckblast
paddy,redloams,79,29,89,410,chittoor,kharif,46,sheathrot
paddy,redsandy,71,31,86,420,chittoor,kharif,56,brownspot
paddy,claysoils,86,28,92,455,chittoor,kharif,76,falsesmut
paddy,redloams,69,30,83,430,chittoor,kharif,61,bacterialleafblight
paddy,redclay,66,32,79,400,chittoor,kharif,41,blast
paddy,redloams,73,29,87,390,chittoor,rabi,51,bacterialleafstreak
paddy,redsandy,70,28,85,405,chittoor,rabi,66,sheathblight
paddy,redclayloam,81,30,91,450,chittoor,rabi,61,stemrot
paddy,claysoils,83,27,94,470,chittoor,rabi,86,falsesmut
paddy,redsandy,67,31,81,385,chittoor,rabi,56,brownspot
paddy,blacksoil,86,29,90,455,kurnool,kharif,71,footrot
paddy,blacksoil,81,28,86,455,kurnool,kharif,46,bacterialleafblight
paddy,redsoil,73,29,84,455,kurnool,kharif,56,brownspot
paddy,blacksoil,79,30,89,455,kurnool,kharif,61,sheathrot
paddy,blacksoil,85,29,88,455,kurnool,kharif,71,sheathblight
paddy,redsoil,76,27,83,455,kurnool,kharif,51,blast
paddy,blacksoil,89,28,91,455,kurnool,kharif,66,falsesmut
paddy,redsoil,75,26,81,455,kurnool,kharif,61,stemrot
paddy,blacksoil,70,25,79,455,kurnool,kharif,46,bacterialleafstreak
paddy,redsoil,78,27,85,455,kurnool,kharif,56,ricetungrodisease
paddy,blacksoil,64,29,82,328,anantapur,kharif,81,stemrot
paddy,shallowredsoil,59,28,79,328,anantapur,kharif,46,brownspot
paddy,shallowredsoil,61,29,81,328,anantapur,kharif,51,blast
paddy,blacksoil,65,30,83,328,anantapur,kharif,61,sheathrot
paddy,shallowredsoil,63,27,78,328,anantapur,kharif,56,bacterialleafstreak
paddy,blacksoil,67,29,80,328,anantapur,kharif,66,falsesmut
paddy,shallowredsoil,69,31,85,328,anantapur,kharif,71,sheathblight
paddy,shallowredsoil,66,32,77,328,anantapur,kharif,76,bacterialleafblight
paddy,redloams,67,30,91,328,anantapur,kharif,76,bacterialpanicleblight
paddy,clayloam,83,30,86,792,westgodavari,kharif,71,neckblast
paddy,alluvialsoils,81,29,87,720,krishna,kharif,66,neckblast
paddy,redclayloam,79,29,88,713,visakhapatnam,kharif,66,neckblast
paddy,blackcottonsoils,76,28,89,500,guntur,rabi,36,footrot
paddy,blacksoil,71,29,86,455,kurnool,kharif,41,footrot
paddy,redsoil,67,28,83,394,kadapa,rabi,36,footrot
paddy,clayloam,77,27,89,260,krishna,rabi,61,leafscald
paddy,alluvialsoils,79,27,86,450,guntur,rabi,61,leafscald
paddy,redloams,75,29,89,410,chittoor,rabi,61,bacterialpanicleblight
groundnut,redsoils,63,28,76,277,srikakulam,rabi,66,rust
groundnut,redsoils,83,29,89,705,srikakulam,kharif,56,tikkaleafspots
groundnut,redsoils,81,28,87,705,srikakulam,kharif,61,earlyleafspot
groundnut,redsoils,79,30,88,705,srikakulam,kharif,66,lateleafspot
groundnut,redsoils,77,31,86,705,srikakulam,kharif,71,rust
groundnut,redsoils,75,29,84,705,srikakulam,kharif,51,collarrot
groundnut,redsoils,74,30,85,705,srikakulam,kharif,61,rootrot
groundnut,redsoils,73,29,83,705,srikakulam,kharif,66,groundnutbudnecrosisdisease
groundnut,redsoils,72,27,81,705,srikakulam,kharif,56,rosette
groundnut,redsoils,71,28,82,705,srikakulam,kharif,61,stemrot
groundnut,redsoils,70,30,84,705,srikakulam,kharif,66,yellowmould
groundnut,redsoils,69,31,85,705,srikakulam,kharif,71,greymould
groundnut,redsoils,68,29,87,705,srikakulam,kharif,76,bacterialwilt
groundnut,redsoils,67,27,81,705,srikakulam,kharif,51,anthracnose
groundnut,redsoils,66,29,86,705,srikakulam,kharif,61,indianpeanutclumpdisease
groundnut,redsoils,71,26,73,277,srikakulam,rabi,61,tikkaleafspots
groundnut,redsoils,69,27,76,277,srikakulam,rabi,66,earlyleafspot
groundnut,redsoils,67,28,77,277,srikakulam,rabi,71,lateleafspot
groundnut,redsoils,65,29,79,277,srikakulam,rabi,61,collarrot
groundnut,redsoils,64,27,75,277,srikakulam,rabi,56,rootrot
groundnut,redsandyloams,71,28,86,692,vizayanagaram,kharif,66,tikkaleafspots
groundnut,redsandyclayloams,73,29,85,692,vizayanagaram,kharif,61,earlyleafspot
groundnut,redloamysandysoils,72,30,84,692,vizayanagaram,kharif,71,lateleafspot
groundnut,clayloam,70,27,83,692,vizayanagaram,kharif,76,rust
groundnut,redsandyclayloams,69,31,81,692,vizayanagaram,kharif,56,rosette
groundnut,redsandyloams,68,29,79,692,vizayanagaram,kharif,61,budnecrosis
groundnut,sandysoils,66,32,77,692,vizayanagaram,kharif,71,rootrot
groundnut,redloamysandysoils,67,28,76,692,vizayanagaram,kharif,66,collarrot
groundnut,redsandyloams,71,29,78,246,vizayanagaram,rabi,61,tikkaleafspots
groundnut,clay,72,27,81,246,vizayanagaram,rabi,66,lateleafspot
groundnut,redsandyclayloams,73,29,83,246,vizayanagaram,rabi,71,budnecrosis
groundnut,sandysoils,69,30,82,246,vizayanagaram,rabi,56,stemrot
groundnut,redloamysandysoils,71,28,84,246,vizayanagaram,rabi,51,anthracnose
groundnut,redclayloams,71,28,89,713,visakhapatnam,kharif,61,tikkaleafspots
groundnut,redsandyloams,73,29,86,713,visakhapatnam,kharif,66,rust
groundnut,redclayloams,69,30,85,713,visakhapatnam,kharif,71,collarrot
groundnut,redsandyloams,67,31,83,713,visakhapatnam,kharif,76,lateleafspot
groundnut,coastalsandysoils,65,29,81,713,visakhapatnam,kharif,61,groundnutbudnecrosisdisease
groundnut,redclayloams,68,27,88,713,visakhapatnam,kharif,56,earlyleafspot
groundnut,redsandyloams,71,28,87,713,visakhapatnam,kharif,51,rootrot
groundnut,redclayloams,66,30,89,713,visakhapatnam,kharif,66,stemrot
groundnut,redsandyloams,70,29,90,713,visakhapatnam,kharif,61,anthracnose
groundnut,redclayloams,72,29,91,713,visakhapatnam,kharif,71,rosette
groundnut,clayloamysoils,31,27,81,760,eastgodavari,kharif,46,tikkaleafspots
groundnut,redsandyloams,26,26,79,760,eastgodavari,kharif,51,earlyleafspot
groundnut,sandyclayloams,23,28,82,760,eastgodavari,kharif,61,lateleafspot
groundnut,clayloamysoils,33,29,86,760,eastgodavari,kharif,66,rust
groundnut,sandyclayloams,21,24,76,304,eastgodavari,rabi,31,collarrot
groundnut,clayloamysoils,29,23,73,304,eastgodavari,rabi,41,rootrot
groundnut,redsandyloams,25,22,71,304,eastgodavari,rabi,51,groundnutbudnecrosisdisease
groundnut,sandyclayloams,27,25,74,304,eastgodavari,rabi,56,stemrot
groundnut,clayloamysoils,30,24,75,304,eastgodavari,rabi,61,wilt
groundnut,redsandyloams,22,23,72,304,eastgodavari,rabi,41,anthracnose
groundnut,redsandyloams,71,29,86,792,westgodavari,kharif,71,tikkaleafspots
groundnut,redsandyloams,75,30,89,792,westgodavari,kharif,66,earlyleafspot
groundnut,redsandyloams,77,28,91,792,westgodavari,kharif,81,rust
groundnut,clayloams,79,27,93,792,westgodavari,kharif,86,collarrot
groundnut,clayloams,76,26,89,792,westgodavari,kharif,91,groundnutbudnecrosisdisease
groundnut,deltaicalluvial,73,29,88,792,westgodavari,kharif,71,rosette
groundnut,sandyalluvial,69,31,81,792,westgodavari,kharif,61,tikkaleafspots
groundnut,clayloams,74,27,86,239,westgodavari,rabi,61,lateleafspot
groundnut,redsandyloams,72,25,81,239,westgodavari,rabi,76,collarrot
groundnut,redsandyloams,70,26,79,239,westgodavari,rabi,71,rust
groundnut,clayloams,76,24,83,239,westgodavari,rabi,66,stemrot
groundnut,deltaicalluvial,75,24,86,239,westgodavari,rabi,61,tikkaleafspots
groundnut,redsandyloams,71,27,85,239,westgodavari,rabi,86,groundnutbudnecrosisdisease
groundnut,blackcottonsoils,75,28,89,685,krishna,kharif,71,tikkaleafspots
groundnut,blackcottonsoils,77,29,91,685,krishna,kharif,66,rust
groundnut,redloams,73,27,86,685,krishna,kharif,61,collarrot
groundnut,sandyclayloams,71,26,83,685,krishna,kharif,71,earlyleafspot
groundnut,redloams,74,28,88,685,krishna,kharif,76,groundnutbudnecrosisdisease
groundnut,sandyclayloams,72,29,87,685,krishna,kharif,69,rosette
groundnut,blackcottonsoils,77,25,81,250,krishna,rabi,71,lateleafspot
groundnut,blackcottonsoils,76,24,83,250,krishna,rabi,66,collarrot
groundnut,redloams,75,26,82,250,krishna,rabi,61,tikkaleafspots
groundnut,sandyclayloams,73,25,84,250,krishna,rabi,71,stemrot
groundnut,redloams,71,27,86,250,krishna,rabi,73,groundnutbudnecrosisdisease
groundnut,shallowredsoils,71,29,86,388,prakasam,kharif,71,tikkaleafspots
groundnut,deepblackcottonsoils,69,28,83,388,prakasam,kharif,61,collarrot
groundnut,shallowredsoils,73,27,85,393,prakasam,rabi,76,rust
groundnut,deepblackcottonsoils,67,29,79,393,prakasam,rabi,81,rosette
groundnut,sandyloamysoils,71,31,81,393,prakasam,rabi,66,groundnutbudnecrosisdisease
groundnut,redloams,70,29,82,388,prakasam,kharif,69,earlyleafspot
groundnut,blackcottonsoils,68,30,84,393,prakasam,rabi,73,lateleafspot
groundnut,sandyloamysoils,66,30,80,393,prakasam,rabi,71,stemrot
groundnut,redloams,69,28,89,438,chittoor,kharif,61,earlyleafspot
groundnut,redloams,73,29,92,438,chittoor,kharif,71,tikkadisease
groundnut,redsandy,67,30,86,438,chittoor,kharif,66,collarrot
groundnut,redloams,61,27,81,396,chittoor,rabi,56,rosette
groundnut,redloams,63,26,84,396,chittoor,rabi,61,budnecrosis
groundnut,sandyclayloams,65,27,83,396,chittoor,rabi,66,leafspot
groundnut,redsoils,61,28,79,665,nellore,kharif,31,nomajordisease
groundnut,redsoils,61,28,79,665,nellore,kharif,66,stemrot
groundnut,blackcottonsoils,81,29,91,665,nellore,rabi,66,rootrot
groundnut,coastalsandysoils,61,31,86,665,nellore,kharif,51,collarrot
groundnut,redsoils,71,30,89,665,nellore,rabi,71,tikkaleafspot
groundnut,redsoils,69,29,89,665,nellore,kharif,61,rust
groundnut,blackcottonsoils,81,32,79,665,nellore,kharif,41,budnecrosisvirus
groundnut,blacksoils,66,29,86,394,kadapa,kharif,71,tikkaleafspot
groundnut,redsoils,61,30,81,394,kadapa,kharif,66,rust
groundnut,sandsalinesoils,46,31,71,394,kadapa,kharif,61,collarrot
groundnut,redsoils,56,28,79,251,kadapa,rabi,76,lateleafspot
groundnut,blacksoils,63,27,83,251,kadapa,rabi,61,earlyleafspot
groundnut,redsoils,53,26,71,48,kadapa,suer,46,rootrot
groundnut,sandsalinesoils,41,32,66,48,kadapa,suer,51,dryrootrot
groundnut,blacksoils,69,29,89,700,kadapa,kharif,81,rust
groundnut,redsoils,69,32,71,328,anantapur,kharif,61,earlyleafspot
groundnut,blacksoils,66,33,69,328,anantapur,kharif,76,lateleafspot
groundnut,redsoils,59,31,61,154,anantapur,rabi,51,rust
groundnut,redsoils,61,32,56,328,anantapur,kharif,36,collarrot
groundnut,blacksoils,71,33,66,328,anantapur,kharif,66,rootrot
groundnut,sandysoils,51,30,56,154,anantapur,rabi,46,rust
groundnut,redsoils,73,32,73,328,anantapur,kharif,71,dryrootrot
groundnut,blacksoils,61,33,67,328,anantapur,rabi,61,leafspot
groundnut,redsoils,56,31,61,328,anantapur,kharif,41,rust
groundnut,sandysoils,46,29,51,154,anantapur,rabi,36,collarrot
groundnut,blacksoils,66,29,86,455,kurnool,kharif,66,leafspot
groundnut,redsoils,61,30,83,440,kurnool,kharif,61,collarrot
groundnut,blacksoils,71,28,88,455,kurnool,kharif,71,rust
groundnut,redsoils,56,31,81,420,kurnool,kharif,56,stemrot
groundnut,blacksoils,46,25,71,149,kurnool,rabi,61,tikkaleafspot
groundnut,redsoils,51,26,73,140,kurnool,rabi,59,rootrot
groundnut,blacksoils,43,24,69,130,kurnool,rabi,56,collarrot
groundnut,redsoils,49,25,67,135,kurnool,rabi,53,rust
sunflower,blacksoil,43,30,67,455,kurnool,kharif,81,rust
sunflower,redsoil,40,29,64,149,kurnool,rabi,96,alternarialeafspot
sunflower,clayloam,44,35,69,55,kurnool,suer,66,powderymildew
cotton,blacksoil,49,32,73,455,kurnool,kharif,121,leafcurlvirus
cotton,loamysoil,51,34,75,455,kurnool,kharif,111,bacterialblight
redgram,redsoil,35,29,61,455,kurnool,kharif,86,sterilitymosaicvirus
redgram,blacksoil,37,30,65,149,kurnool,rabi,101,wilt
maize,blacksoil,46,31,71,455,kurnool,kharif,91,leafblight
maize,redsoil,44,30,67,149,kurnool,rabi,96,turcicumleafblight
castor,redsoil,39,34,67,455,kurnool,kharif,71,alternariablight
castor,loamysoil,41,31,69,149,kurnool,rabi,76,cercosporaleafspot
sorghum,blacksoil,47,32,71,455,kurnool,kharif,73,anthracnose
sorghum,redsoil,44,30,65,149,kurnool,rabi,79,zonateleafspot
greengram,redsoil,40,30,67,455,kurnool,kharif,61,yellowmosaicvirus
greengram,sandyloam,36,28,64,149,kurnool,rabi,63,cercosporaleafspot
bengalgram,blacksoil,37,26,61,149,kurnool,rabi,99,collarrot
bengalgram,clayloam,34,24,56,149,kurnool,rabi,106,ascochytablight
bajra,sandysoil,41,36,71,55,kurnool,suer,53,downymildew
bajra,redsandyloam,39,35,69,55,kurnool,suer,57,smut
sunflower,blacksoil,41,29,66,455,kurnool,kharif,76,rust
sunflower,redsoil,37,31,63,149,kurnool,rabi,93,alternarialeafspot
sunflower,clayloam,44,35,69,55,kurnool,suer,61,powderymildew
cotton,blacksoil,47,32,74,455,kurnool,kharif,116,leafcurlvirus
cotton,loamysoil,49,33,76,455,kurnool,kharif,111,myrotheciumleafspot
redgram,blacksoil,36,29,65,455,kurnool,kharif,86,sterilitymosaicvirus
redgram,redsoil,34,28,61,149,kurnool,rabi,101,wilt
redgram,loamysoil,33,27,59,149,kurnool,rabi,106,dryrootrot
redgram,redsandyloam,35,29,62,455,kurnool,kharif,91,phyllody
maize,blacksoil,46,31,69,455,kurnool,kharif,89,polysorarust
maize,redsoil,44,29,66,149,kurnool,rabi,96,turcicumleafblight
maize,claysoil,45,33,73,455,kurnool,kharif,91,charcoalrot
castor,redsoil,39,33,67,455,kurnool,kharif,73,alternariablight
castor,blacksoil,41,31,69,149,kurnool,rabi,79,cercosporaleafspot
sorghum,blacksoil,46,32,73,455,kurnool,kharif,71,anthracnose
sorghum,redsandyloam,43,30,69,149,kurnool,rabi,79,zonateleafspot
sorghum,redsoil,44,31,71,455,kurnool,kharif,73,smut
greengram,sandyloam,39,30,67,455,kurnool,kharif,61,yellowmosaicvirus
greengram,redsoil,36,27,61,149,kurnool,rabi,66,anthracnose
bengalgram,blacksoil,37,25,59,149,kurnool,rabi,101,collarrot
bengalgram,clayloam,35,24,56,149,kurnool,rabi,106,ascochytablight
bajra,sandysoil,41,36,71,55,kurnool,suer,53,downymildew
bajra,redsandyloam,39,35,69,55,kurnool,suer,59,smut
sunflower,shallowredsoil,36,31,56,328,ananthapur,kharif,61,rootrot
sunflower,shallowredsoil,41,33,61,154,ananthapur,rabi,76,rust
sunflower,blacksoil,46,35,66,74,ananthapur,suer,46,headrot
sunflower,shallowredsoil,39,32,59,300,ananthapur,kharif,81,leafblight
sunflower,blacksoil,43,34,63,350,ananthapur,rabi,71,powderymildew
bengalgram,blacksoil,31,27,51,154,ananthapur,rabi,101,ascochytablight
bengalgram,shallowredsoil,34,25,53,120,ananthapur,rabi,111,wilt
bengalgram,blacksoil,37,24,56,120,ananthapur,rabi,96,stuntdisease
bengalgram,shallowredsoil,29,26,49,100,ananthapur,rabi,106,collarrot
bengalgram,blacksoil,41,23,61,130,ananthapur,rabi,116,footrot
sorghum,shallowredsoil,43,33,66,328,ananthapur,kharif,66,downymildew
sorghum,blacksoil,46,35,71,154,ananthapur,rabi,81,leafblight
sorghum,shallowredsoil,39,34,63,300,ananthapur,kharif,71,anthracnose
sorghum,blacksoil,51,32,76,350,ananthapur,rabi,91,grainsmut
sorghum,shallowredsoil,44,31,69,400,ananthapur,kharif,76,ergot
redgram,shallowredsoil,36,32,61,328,ananthapur,kharif,86,wilt
redgram,blacksoil,33,29,56,154,ananthapur,rabi,101,dryrootrot
redgram,shallowredsoil,41,30,66,300,ananthapur,kharif,91,sterilitymosaic
redgram,blacksoil,38,28,59,350,ananthapur,rabi,111,powderymildew
redgram,shallowredsoil,46,31,71,400,ananthapur,kharif,96,stemblight
cotton,blacksoil,51,35,76,328,ananthapur,kharif,121,leafcurlvirus
cotton,shallowredsoil,49,37,73,154,ananthapur,rabi,91,bollrot
cotton,blacksoil,53,36,79,300,ananthapur,kharif,111,verticilliumwilt
cotton,shallowredsoil,48,34,71,350,ananthapur,kharif,101,greymildew
cotton,blacksoil,46,33,77,400,ananthapur,kharif,106,bacterialblight
ragi,shallowredsoil,56,29,81,328,ananthapur,kharif,51,blast
ragi,blacksoil,53,27,79,154,ananthapur,rabi,71,mosaic
ragi,shallowredsoil,59,31,86,300,ananthapur,kharif,61,mottlestreak
maize,shallowredsoil,41,31,61,328,ananthapur,kharif,81,downymildew
maize,blacksoil,43,32,66,350,ananthapur,kharif,86,sorghumdownymildew
maize,shallowredsoil,39,30,59,300,ananthapur,kharif,76,philippinedownymildew
maize,blacksoil,46,34,69,320,ananthapur,kharif,91,crazytop
maize,shallowredsoil,44,29,71,328,ananthapur,kharif,79,leafblight
maize,blacksoil,45,33,73,310,ananthapur,kharif,89,rust
maize,shallowredsoil,42,31,66,340,ananthapur,kharif,83,headsmut
maize,blacksoil,47,35,74,330,ananthapur,kharif,96,charcoalrot
maize,shallowredsoil,40,30,65,154,ananthapur,rabi,101,bacterialstalkrot
maize,blacksoil,37,27,61,150,ananthapur,rabi,106,mosaic
maize,shallowredsoil,36,28,59,130,ananthapur,rabi,99,brownspot
redgram,redloams,36,31,61,438,chittoor,kharif,86,wilt
redgram,redsandy,33,30,59,420,chittoor,kharif,91,dryrootrot
redgram,redclay,39,29,66,400,chittoor,kharif,96,powderymildew
redgram,redloams,37,32,63,430,chittoor,kharif,89,leafspot
redgram,redsandy,41,33,69,396,chittoor,rabi,101,sterilitymosaicdisease
redgram,redloams,40,28,64,380,chittoor,rabi,111,stemblight
redgram,redsandy,31,27,56,350,chittoor,rabi,106,brownblotch
redgram,claysoils,42,29,68,390,chittoor,rabi,99,haloblight
redgram,redclay,35,30,61,370,chittoor,rabi,103,anthracnose
redgram,redloams,38,32,66,410,chittoor,kharif,94,seedlingblight
redgram,redsandy,43,31,67,400,chittoor,kharif,88,stemrot
sunflower,redloams,39,31,61,438,chittoor,kharif,76,rootrot
sunflower,redsandy,36,33,64,396,chittoor,rabi,86,rust
sunflower,claysoils,43,35,68,390,chittoor,rabi,66,headrot
sunflower,redclay,41,32,63,420,chittoor,kharif,71,leafblight
sunflower,redsandy,38,29,59,430,chittoor,kharif,81,powderymildew
sunflower,redloams,37,30,61,400,chittoor,kharif,69,basalrot
sunflower,redclay,40,31,62,396,chittoor,rabi,79,necrosis
redgram,redsoil,37,31,61,394,kadapa,kharif,86,wilt
redgram,blacksoil,39,30,59,420,kadapa,kharif,96,dryrootrot
redgram,redsoil,43,29,66,430,kadapa,kharif,101,powderymildew
redgram,blacksoil,41,28,69,450,kadapa,kharif,106,stemblight
redgram,redsoil,36,27,56,370,kadapa,kharif,91,sterilitymosaicdisease
redgram,redsoil,31,26,53,280,kadapa,kharif,71,leafspot
redgram,blacksoil,34,25,51,310,kadapa,kharif,61,seedlingblight
redgram,redsoil,35,27,54,300,kadapa,kharif,76,brownblotch
redgram,blacksoil,38,29,61,410,kadapa,kharif,81,anthracnose
redgram,redsoil,40,30,64,440,kadapa,kharif,101,haloblight
sunflower,redsoil,39,33,61,394,kadapa,kharif,66,rootrot
sunflower,blacksoil,41,31,59,420,kadapa,kharif,76,leafblight
sunflower,redsoil,37,32,66,380,kadapa,kharif,71,rust
sunflower,blacksoil,43,34,67,400,kadapa,kharif,81,headrot
sunflower,redsoil,45,30,71,430,kadapa,kharif,91,powderymildew
sunflower,redsoil,38,29,63,370,kadapa,kharif,61,basalrot
sunflower,blacksoil,36,28,56,360,kadapa,kharif,51,necrosis
sunflower,redsoil,40,27,55,350,kadapa,kharif,56,rust
sunflower,blacksoil,46,29,69,440,kadapa,kharif,86,leafblight
sunflower,redsoil,44,31,67,450,kadapa,kharif,96,headrot
bengalgram,blacksoil,35,24,59,90,kadapa,rabi,101,ascochytablight
bengalgram,redsoil,31,26,53,110,kadapa,rabi,96,rust
bengalgram,redsoil,29,23,51,130,kadapa,rabi,91,wilt
bengalgram,blacksoil,36,25,61,80,kadapa,rabi,106,stuntdisease
bengalgram,blacksoil,39,24,63,100,kadapa,rabi,111,collarrot
bengalgram,redsoil,41,22,64,120,kadapa,rabi,116,footrot
bengalgram,blacksoil,37,23,56,70,kadapa,rabi,101,stemrot
bengalgram,redsoil,34,25,57,85,kadapa,rabi,91,bacterialleafblight
bengalgram,blacksoil,33,26,55,65,kadapa,rabi,99,beancoonmosaicvirus
cotton,blacksoil,53,35,79,394,kadapa,kharif,116,verticilliumwilt
cotton,redsoil,46,33,73,350,kadapa,kharif,106,bollrot
cotton,blacksoil,49,34,77,400,kadapa,kharif,121,bacterialblight
cotton,redsoil,44,32,71,300,kadapa,kharif,111,greymildew
cotton,blacksoil,51,36,81,394,kadapa,kharif,101,anthracnose
cotton,redsoil,41,31,66,390,kadapa,kharif,99,leafblight
cotton,blacksoil,56,34,76,410,kadapa,kharif,109,leafcurldisease
cotton,redsoil,43,30,69,370,kadapa,kharif,104,sootymould
cotton,blacksoil,48,33,72,384,kadapa,kharif,113,rootrot
cotton,redsoil,47,35,75,398,kadapa,kharif,118,myrotheciumleafspot
cotton,blacksoil,50,32,71,390,kadapa,kharif,100,stenosis
cotton,redsoil,51,31,67,365,kadapa,kharif,108,leafspot
sesamum,blacksoil,46,33,69,394,kadapa,kharif,61,rootrot
sesamum,redsoil,43,32,66,380,kadapa,kharif,51,leafblight
sesamum,blacksoil,49,34,71,410,kadapa,kharif,71,wilt
sesamum,redsoil,41,31,63,360,kadapa,kharif,56,leafspot
sesamum,blacksoil,47,33,67,420,kadapa,kharif,66,powderymildew
sesamum,redsoil,44,32,68,394,kadapa,kharif,61,bacterialleafspot
sesamum,blacksoil,48,34,65,400,kadapa,kharif,76,phyllody
sesamum,redsoil,42,32,64,370,kadapa,kharif,59,stemblight
sesamum,blacksoil,45,31,62,360,kadapa,kharif,63,charcoalrot
sesamum,redsoil,43,33,61,380,kadapa,kharif,51,anthracnose
coriander,blacksoil,39,24,53,30,kadapa,rabi,46,stemgall
coriander,redsoil,36,25,51,28,kadapa,rabi,61,powderymildew
coriander,blacksoil,41,23,56,43,kadapa,rabi,41,fusariumwilt
coriander,redsoil,37,26,49,49,kadapa,rabi,56,alternarialeafblight
coriander,blacksoil,34,27,47,37,kadapa,rabi,51,rootrot
coriander,redsoil,38,25,52,21,kadapa,rabi,66,bacterialleafspot
coriander,redsoil,33,24,45,26,kadapa,rabi,31,cercosporaleafspot
coriander,blacksoil,35,25,48,18,kadapa,rabi,26,anthracnose
coriander,redsoil,40,26,54,39,kadapa,rabi,21,dampingoff
coriander,blacksoil,36,27,50,30,kadapa,rabi,16,seedrot
blackgram,redsoil,56,25,81,88,nellore,rabi,36,yellowmosaicdisease
blackgram,coastalsandysoil,51,26,76,72,nellore,rabi,41,powderymildew
blackgram,redsoil,66,24,86,110,nellore,rabi,51,leafcrinkledisease
blackgram,coastalsandysoil,49,27,79,95,nellore,rabi,61,rust
blackgram,redsoil,59,25,83,92,nellore,rabi,56,anthracnose
blackgram,coastalsandysoil,53,26,77,80,nellore,rabi,46,leafspot
blackgram,redsoil,61,24,84,105,nellore,rabi,66,dryrootrot
blackgram,redsoil,58,25,82,97,nellore,rabi,31,leafcurlnecrosis
blackgram,coastalsandysoil,54,26,78,85,nellore,rabi,39,ascochytaleafspot
blackgram,redsoil,60,25,81,90,nellore,rabi,43,bacterialblight
bengalgram,redsoil,51,25,79,90,nellore,rabi,41,ascochytablight
bengalgram,coastalsandysoil,48,24,81,82,nellore,rabi,46,collarrot
bengalgram,redsoil,61,23,85,98,nellore,rabi,56,rust
bengalgram,redsoil,66,22,86,105,nellore,rabi,66,wilt
bengalgram,coastalsandysoil,54,25,77,86,nellore,rabi,36,stuntdisease
bengalgram,redsoil,59,24,80,88,nellore,rabi,51,footrot
bengalgram,redsoil,63,23,83,100,nellore,rabi,59,stemrot
bengalgram,coastalsandysoil,52,24,78,84,nellore,rabi,44,bacterialleafblight
bengalgram,redsoil,56,26,76,78,nellore,rabi,39,beancoonmosaicvirus
bengalgram,redsoil,60,25,82,92,nellore,rabi,61,ascochytablight
sunflower,redsoil,59,26,83,92,nellore,rabi,41,leafblight
sunflower,coastalsandysoil,53,27,79,85,nellore,rabi,46,rootrotorcharcoalrot
sunflower,redsoil,61,25,84,99,nellore,rabi,56,rust
sunflower,redsoil,62,24,85,103,nellore,rabi,51,powderymildew
sunflower,coastalsandysoil,51,28,76,87,nellore,rabi,61,headrot
sunflower,redsoil,64,23,86,108,nellore,rabi,66,basalrot
sunflower,redsoil,57,25,81,91,nellore,rabi,43,necrosis
sunflower,coastalsandysoil,54,26,78,82,nellore,rabi,39,leafblight
sunflower,redsoil,60,24,82,95,nellore,rabi,48,rust
sunflower,coastalsandysoil,52,27,77,89,nellore,rabi,37,rootrotorcharcoalrot
tobacco,redsoil,56,25,81,92,nellore,rabi,29,dampingoff
tobacco,coastalsandysoil,51,26,76,85,nellore,rabi,36,blackshank
tobacco,redsoil,61,24,85,98,nellore,rabi,41,frogeyespot
tobacco,redsoil,59,25,83,95,nellore,rabi,51,powderymildew
tobacco,coastalsandysoil,54,26,79,88,nellore,rabi,46,brownspot
tobacco,redsoil,62,23,86,102,nellore,rabi,56,anthracnose
tobacco,redsoil,57,24,82,91,nellore,rabi,39,wildfire
tobacco,coastalsandysoil,53,25,78,83,nellore,rabi,31,tobaccomosaic
tobacco,redsoil,60,24,84,96,nellore,rabi,43,leafcurl
tobacco,redsoil,63,23,85,100,nellore,rabi,61,broomrape
cotton,redsoil,57,26,81,90,nellore,rabi,41,leafcurldisease
cotton,coastalsandysoil,53,27,79,84,nellore,rabi,39,bacterialblight
cotton,redsoil,61,25,83,95,nellore,rabi,51,bollrot
cotton,redsoil,63,24,86,102,nellore,rabi,59,verticilliumwilt
cotton,coastalsandysoil,54,28,76,86,nellore,rabi,43,greyorareolatemildew
cotton,redsoil,62,24,84,98,nellore,rabi,46,anthracnose
cotton,coastalsandysoil,51,26,78,88,nellore,rabi,37,leafspot
cotton,redsoil,60,25,80,91,nellore,rabi,61,rust
cotton,redsoil,64,24,85,100,nellore,rabi,71,myrotheciumleafspot
cotton,redsoil,59,26,81,93,nellore,rabi,66,stenosisorsmallleaf
sesamum,redsoil,56,26,81,90,nellore,rabi,41,leafblight
sesamum,coastalsandysoil,53,27,79,84,nellore,rabi,39,rootrot
sesamum,redsoil,61,25,83,95,nellore,rabi,51,phyllody
sesamum,redsoil,63,24,86,102,nellore,rabi,56,bacterialleafspot
sesamum,coastalsandysoil,54,28,76,86,nellore,rabi,43,leafspot
sesamum,redsoil,62,24,84,98,nellore,rabi,46,powderymildew
sesamum,coastalsandysoil,51,26,78,88,nellore,rabi,37,stemblight
sesamum,redsoil,60,25,80,91,nellore,rabi,61,wilt
sesamum,redsoil,64,24,85,100,nellore,rabi,66,bacterialleafspot
sesamum,redsoil,59,26,81,93,nellore,rabi,49,anthracnose
greengram,redsoil,57,26,81,92,nellore,rabi,39,powderymildew
greengram,coastalsandysoil,54,27,79,88,nellore,rabi,41,anthracnose
greengram,redsoil,61,25,83,95,nellore,rabi,46,yellowmosaicdisease
greengram,redsoil,62,24,85,102,nellore,rabi,51,leafcrinkledisease
greengram,coastalsandysoil,53,28,76,86,nellore,rabi,36,leafspot
greengram,redsoil,64,24,84,98,nellore,rabi,56,rust
greengram,redsoil,59,26,81,93,nellore,rabi,61,dryrootrot
greengram,redsoil,60,25,80,91,nellore,rabi,43,leafcurlnecrosis
greengram,redsoil,55,26,82,90,nellore,rabi,37,ascochytaleafspot
greengram,coastalsandysoil,56,27,79,85,nellore,rabi,49,bacterialblight
maize,redsoil,59,26,81,95,nellore,rabi,41,downymildew
maize,coastalsandysoil,55,27,79,90,nellore,rabi,39,sorghumdownymildew
maize,redsoil,62,25,84,98,nellore,rabi,46,philippinedownymildew
maize,coastalsandysoil,54,28,78,88,nellore,rabi,37,crazytop
maize,redsoil,61,24,86,100,nellore,rabi,51,leafblight
maize,redsoil,58,26,82,92,nellore,rabi,56,rust
maize,redsoil,60,25,83,94,nellore,rabi,61,headsmut
maize,coastalsandysoil,56,27,80,89,nellore,rabi,43,charcoalrot
maize,redsoil,63,24,85,101,nellore,rabi,49,bacterialstalkrot
maize,redsoil,57,26,81,93,nellore,rabi,36,mosaic
maize,coastalsandysoil,54,27,79,86,nellore,rabi,45,brownspot
mesta,redsoil,59,29,79,102,srikakulam,kharif,41,aphid
mesta,brownforestsoil,55,30,76,96,srikakulam,kharif,51,greensemilooper
mesta,redsoil,61,29,81,104,srikakulam,kharif,56,mealybug
mesta,alluvialsoil,53,28,73,99,srikakulam,kharif,49,jassid
mesta,redsoil,64,29,83,105,srikakulam,kharif,61,footandstemrot
mesta,blacksoil,62,28,80,98,srikakulam,kharif,59,leafblight
mesta,sandysoil,51,31,71,93,srikakulam,kharif,63,yellowveinmosaicvirus
greengram,redsoil,56,30,81,102,srikakulam,kharif,43,powderymildew
greengram,brownforestsoil,51,29,79,95,srikakulam,kharif,39,anthracnose
greengram,sandysoil,46,31,76,90,srikakulam,kharif,36,rust
greengram,redsoil,61,29,83,104,srikakulam,kharif,51,yellowmosaicdisease
greengram,alluvialsoil,53,28,78,97,srikakulam,kharif,46,leafspot
greengram,blacksoil,59,30,82,99,srikakulam,kharif,49,leafcrinkledisease
greengram,redsoil,63,29,84,101,srikakulam,kharif,56,dryrootrot
greengram,sandysoil,48,31,73,88,srikakulam,kharif,34,leafcurl
greengram,alluvialsoil,51,25,67,72,srikakulam,rabi,41,ascochytaleafspot
greengram,redsoil,54,26,65,76,srikakulam,rabi,43,bacterialblight
blackgram,redsoil,59,29,81,98,srikakulam,kharif,43,powderymildew
blackgram,brownforestsoil,53,28,79,94,srikakulam,kharif,39,anthracnose
blackgram,sandysoil,46,30,77,91,srikakulam,kharif,36,rust
blackgram,redsoil,61,29,83,100,srikakulam,kharif,49,yellowmosaicdisease
blackgram,blacksoil,64,30,86,105,srikakulam,kharif,56,leafcrinkledisease
blackgram,alluvialsoil,51,27,75,92,srikakulam,kharif,45,leafspot
blackgram,redsoil,60,29,84,103,srikakulam,kharif,51,dryrootrot
blackgram,sandysoil,47,31,73,89,srikakulam,kharif,34,leafcurl
blackgram,alluvialsoil,51,25,66,74,srikakulam,rabi,42,ascochytaleafspot
blackgram,redsoil,54,26,64,78,srikakulam,rabi,44,bacterialblight
horsegram,redsoil,49,28,71,84,srikakulam,rabi,41,leafspot
horsegram,brownforestsoil,46,26,69,76,srikakulam,rabi,43,powderymildew
horsegram,sandysoil,39,29,66,70,srikakulam,rabi,39,rust
horsegram,redsoil,52,27,73,85,srikakulam,rabi,46,anthracnose
horsegram,redsoil,53,28,70,88,srikakulam,rabi,51,yellowmosaicdisease
horsegram,sandysoil,41,29,61,68,srikakulam,rabi,36,leafcurl
horsegram,brownforestsoil,47,26,67,72,srikakulam,rabi,42,cercosporaleafspot
horsegram,redsoil,50,27,68,78,srikakulam,rabi,49,collarrot
mesta,redsandyloam,59,29,81,110,vizayanagaram,kharif,46,leafspot
mesta,sandysoil,49,30,79,104,vizayanagaram,kharif,41,stemrot
mesta,clayloam,63,28,83,116,vizayanagaram,kharif,51,anthracnose
mesta,redsandyclayloam,61,27,86,120,vizayanagaram,kharif,43,fusariumwilt
mesta,redloamysandysoils,55,29,79,102,vizayanagaram,kharif,39,yellowveinmosaicvirus
mesta,redsandyloam,60,29,80,108,vizayanagaram,kharif,47,bacterialblight
mesta,clayloam,66,26,89,122,vizayanagaram,kharif,50,rootrot
mesta,sandysoil,51,30,77,98,vizayanagaram,kharif,45,collarrot
greengram,redsandyloam,57,29,83,110,vizayanagaram,rabi,41,powderymildew
greengram,clayloam,61,27,85,115,vizayanagaram,rabi,43,anthracnose
greengram,redsandyclayloam,59,28,81,106,vizayanagaram,rabi,42,leafspot
greengram,redsandyloam,53,30,78,98,vizayanagaram,rabi,46,rust
greengram,redloamysandysoil,47,31,73,90,vizayanagaram,rabi,40,dryrootrot
greengram,redsandyclayloam,54,29,79,102,vizayanagaram,rabi,45,yellowmosaicdisease
greengram,clayloam,62,26,86,117,vizayanagaram,rabi,48,leafcrinkledisease
greengram,sandysoil,51,30,76,95,vizayanagaram,rabi,44,leafcurl
greengram,redsandyloam,56,28,83,108,vizayanagaram,rabi,47,ascochytaleafspot
greengram,clayloam,64,26,89,120,vizayanagaram,rabi,49,bacterialblight
blackgram,redsandyloam,55,28,82,105,vizayanagaram,rabi,42,powderymildew
blackgram,clayloam,62,27,86,118,vizayanagaram,rabi,44,anthracnose
blackgram,redsandyclayloam,59,29,81,112,vizayanagaram,rabi,41,leafspot
blackgram,redsandyloam,53,30,77,95,vizayanagaram,rabi,46,rust
blackgram,sandysoil,48,31,71,90,vizayanagaram,rabi,40,dryrootrot
blackgram,redsandyclayloam,56,29,79,102,vizayanagaram,rabi,45,yellowmosaicdisease
blackgram,clayloam,63,26,87,120,vizayanagaram,rabi,48,leafcrinkledisease
blackgram,sandysoil,50,30,75,93,vizayanagaram,rabi,43,leafcurl
blackgram,redsandyloam,57,28,84,109,vizayanagaram,rabi,47,ascochytaleafspot
blackgram,clayloam,65,26,89,121,vizayanagaram,rabi,49,bacterialblight
sesamum,redsandyloam,52,29,83,108,vizayanagaram,kharif,43,rootrot
sesamum,clayloam,63,27,85,116,vizayanagaram,kharif,46,leafblight
sesamum,redsandyclayloam,57,28,80,103,vizayanagaram,kharif,42,leafspot
sesamum,sandysoil,49,31,73,92,vizayanagaram,kharif,45,wilt
sesamum,redsandyloam,55,29,82,106,vizayanagaram,kharif,40,stemblight
sesamum,clayloam,64,26,87,119,vizayanagaram,kharif,48,powderymildew
sesamum,redsandyclayloam,59,27,84,111,vizayanagaram,kharif,47,bacterialleafspot
sesamum,sandysoil,50,30,76,94,vizayanagaram,kharif,44,phyllody
sesamum,clayloam,65,26,89,121,vizayanagaram,kharif,49,bacterialleafspot
sesamum,redsandyloam,54,28,81,105,vizayanagaram,kharif,41,anthracnose
maize,redsandyloam,59,29,83,108,vizayanagaram,kharif,43,downymildew
maize,redsandyclayloam,57,30,79,112,vizayanagaram,kharif,45,sorghumdownymildew
maize,sandysoil,51,31,77,99,vizayanagaram,kharif,42,philippinedownymildew
maize,clayloam,65,28,86,126,vizayanagaram,kharif,48,crazytop
maize,redsandyloam,62,29,84,117,vizayanagaram,kharif,46,leafblight
maize,clayloam,67,27,88,121,vizayanagaram,kharif,47,rust
maize,sandysoil,54,32,75,102,vizayanagaram,kharif,40,headsmut
maize,redsandyloam,60,30,82,109,vizayanagaram,kharif,44,charcoalrot
maize,clayloam,66,28,87,124,vizayanagaram,kharif,49,bacterialstalkrot
maize,redsandyclayloam,58,29,80,110,vizayanagaram,kharif,43,mosaic
maize,redsandyloam,61,29,83,113,vizayanagaram,kharif,45,brownspot
cotton,redsandyloam,59,30,84,112,vizayanagaram,kharif,43,fusariumwilt
cotton,clayloam,63,28,87,118,vizayanagaram,kharif,47,verticilliumwilt
cotton,redsandyclayloam,56,29,81,109,vizayanagaram,kharif,40,rootrot
cotton,redsandyloam,61,29,83,115,vizayanagaram,kharif,42,anthracnose
cotton,clayloam,65,27,88,124,vizayanagaram,kharif,46,greymildew
cotton,sandysoil,53,31,76,96,vizayanagaram,kharif,39,bollrot
cotton,redsandyloam,60,29,85,111,vizayanagaram,kharif,41,leafblight
cotton,clayloam,66,28,89,127,vizayanagaram,kharif,45,bacterialblight
cotton,redsandyclayloam,58,29,80,105,vizayanagaram,kharif,44,cottonleafcurldisease
cotton,redsandyloam,62,30,82,110,vizayanagaram,kharif,43,stenosis
cotton,redsandyloam,59,29,81,108,vizayanagaram,kharif,41,leafspot
cotton,redsandyloam,61,29,85,114,vizayanagaram,kharif,44,myrotheciumleafspot
cotton,redsandyloam,57,30,79,102,vizayanagaram,kharif,42,rust
cotton,clayloam,67,27,86,125,vizayanagaram,kharif,47,sootymould
ragi,redsandyloam,57,29,83,108,vizayanagaram,kharif,41,blast
ragi,clayloam,62,28,87,116,vizayanagaram,kharif,45,leafspot
ragi,redsandyclayloam,60,30,81,104,vizayanagaram,kharif,43,brownspot
ragi,redsandyloam,55,29,80,102,vizayanagaram,kharif,40,rust
ragi,clayloam,64,28,86,122,vizayanagaram,kharif,44,footrot
ragi,redsandyloam,58,29,85,110,vizayanagaram,kharif,42,seedlingblight
ragi,clayloam,65,27,89,126,vizayanagaram,kharif,46,bacterialleafstreak
ragi,redsandyloam,59,29,81,107,vizayanagaram,kharif,41,mosaic
ragi,redclayloam,58,29,84,110,visakhapatnam,kharif,43,blast
ragi,redsandyloam,55,30,82,105,visakhapatnam,kharif,41,leafspot
ragi,clayloam,61,28,86,120,visakhapatnam,kharif,44,rust
ragi,redclayloam,59,29,85,112,visakhapatnam,kharif,45,brownspot
ragi,redsandyloam,54,30,83,101,visakhapatnam,kharif,40,footrot
ragi,clayloam,62,28,88,125,visakhapatnam,kharif,46,bacterialleafstreak
ragi,redclayloam,57,29,81,108,visakhapatnam,kharif,42,seedlingblight
ragi,redsandyloam,60,29,84,115,visakhapatnam,kharif,43,mosaic
maize,redclayloam,62,29,87,118,visakhapatnam,kharif,36,downymildew
maize,redsandyloam,59,30,85,125,visakhapatnam,kharif,46,sorghumdownymildew
maize,clayloam,65,28,89,132,visakhapatnam,kharif,56,leafblight
maize,redclayloam,61,29,88,120,visakhapatnam,kharif,51,crazytop
maize,redsandyloam,57,31,83,104,visakhapatnam,kharif,43,rust
maize,clayloam,64,27,91,130,visakhapatnam,kharif,61,headsmut
maize,redclayloam,58,30,86,110,visakhapatnam,kharif,59,charcoalrot
maize,redsandyloam,60,32,81,102,visakhapatnam,kharif,54,bacterialstalkrot
maize,clayloam,63,29,89,126,visakhapatnam,kharif,62,mosaic
maize,redclayloam,61,28,85,115,visakhapatnam,kharif,48,brownspot
redgram,redsandyloams,56,26,81,105,visakhapatnam,kharif,74,stemblight
redgram,clayloams,66,26,81,110,visakhapatnam,kharif,56,stemblight
redgram,clayloams,66,28,76,110,visakhapatnam,kharif,67,leafspot
redgram,redsandyloams,66,25,81,95,visakhapatnam,kharif,48,leafspot
redgram,redsandyloams,61,26,86,95,visakhapatnam,kharif,58,brownblotch
redgram,redsandyloams,62,29,74,115,visakhapatnam,kharif,49,seedlingblight
redgram,redclayloams,60,27,75,124,visakhapatnam,kharif,53,anthracnose
redgram,redclayloams,64,26,80,130,visakhapatnam,kharif,56,brownblotch
redgram,clayloam,66,28,82,142,visakhapatnam,kharif,59,stemrot
blackgram,clayloams,66,25,86,95,visakhapatnam,rabi,46,ascochytaleafspot
blackgram,clayloams,56,27,81,110,visakhapatnam,rabi,78,bacterialblight
blackgram,redsandyloams,61,27,81,105,visakhapatnam,rabi,68,leafspot
blackgram,redsandyloams,66,25,86,110,visakhapatnam,rabi,73,anthracnose
blackgram,redclayloams,66,26,76,110,visakhapatnam,rabi,44,ascochytaleafspot
greengram,redclayloams,61,27,81,95,visakhapatnam,rabi,76,powderymildew
greengram,redsandyloams,56,28,86,105,visakhapatnam,rabi,45,anthracnose
greengram,redsandyloams,59,26,81,110,visakhapatnam,rabi,77,leafcurl
greengram,redsandyloams,60,27,76,98,visakhapatnam,rabi,70,ascochytaleafspot
greengram,redclayloams,63,29,79,103,visakhapatnam,rabi,48,leafcrinkledisease
greengram,redsandyloams,58,28,80,100,visakhapatnam,rabi,67,bacterialblight
greengram,redsandyloams,57,26,78,97,visakhapatnam,rabi,59,yellowmosaicdisease
greengram,redclayloams,61,25,83,94,visakhapatnam,rabi,64,rust
greengram,redclayloams,62,27,85,96,visakhapatnam,rabi,61,leafspot
greengram,redsandyloams,55,26,81,99,visakhapatnam,rabi,53,dryrootrot
sesamum,redclayloams,62,24,85,98,visakhapatnam,rabi,51,rootrot
sesamum,redsandyloams,59,23,87,105,visakhapatnam,rabi,46,powderymildew
sesamum,clayloams,65,25,83,112,visakhapatnam,rabi,53,stemrot
sesamum,redclayloams,61,26,82,91,visakhapatnam,rabi,49,bacterialleafspot
sesamum,coastalsandysoils,54,28,76,86,visakhapatnam,rabi,43,leafspot
sesamum,redsandyloams,60,24,85,99,visakhapatnam,rabi,52,leafblight
sesamum,redclayloams,64,27,80,102,visakhapatnam,rabi,56,phyllody
sesamum,clayloams,66,25,81,95,visakhapatnam,rabi,48,wilt
sesamum,redsandyloams,58,23,84,89,visakhapatnam,rabi,41,stemblight
sesamum,redclayloams,61,26,86,106,visakhapatnam,rabi,54,anthracnose
rajmah,redclayloam,63,25,83,98,visakhapatnam,rabi,41,anthracnose
rajmah,redsandyloam,59,26,79,85,visakhapatnam,rabi,46,angularleafspot
rajmah,clayloam,65,24,84,102,visakhapatnam,rabi,51,coonbacterialblight
rajmah,redclayloam,61,23,80,88,visakhapatnam,rabi,39,powderymildew
rajmah,redsandyloam,58,27,76,80,visakhapatnam,rabi,43,rust
rajmah,clayloam,64,24,85,100,visakhapatnam,rabi,54,webblight
rajmah,redclayloam,62,25,82,92,visakhapatnam,rabi,48,rootrot
niger,redclayloam,59,24,79,95,visakhapatnam,rabi,46,alternarialeafspot
niger,sandyloam,63,25,82,110,visakhapatnam,rabi,53,cercosporaleafspot
niger,redclayloam,56,23,81,90,visakhapatnam,rabi,41,powderymildew
niger,redsandyloam,61,26,85,105,visakhapatnam,rabi,49,rust
niger,redclayloam,66,25,86,112,visakhapatnam,rabi,61,rootrot
niger,clayloam,64,24,78,87,visakhapatnam,rabi,51,stemrot
niger,sandyloam,60,27,83,98,visakhapatnam,rabi,56,wilt
niger,redsandyloam,62,26,80,101,visakhapatnam,rabi,48,collarrot
niger,clayloam,58,25,81,92,visakhapatnam,rabi,44,bacterialblight
niger,redclayloam,61,24,77,85,visakhapatnam,rabi,45,leafblight
niger,redclayloam,57,23,80,88,visakhapatnam,rabi,43,downymildew
niger,sandyloam,55,24,82,94,visakhapatnam,rabi,50,anthracnose
niger,redsandyloam,56,25,83,90,visakhapatnam,rabi,47,sootymold
maize,clayloam,66,27,86,180,eastgodavari,kharif,51,downymildew
maize,sandyclayloam,61,29,81,150,eastgodavari,kharif,61,sorghumdownymildew
maize,clayloam,69,26,89,200,eastgodavari,kharif,46,crazytop
maize,redsandyloam,59,28,79,130,eastgodavari,kharif,56,leafblight
maize,clayloam,63,25,84,160,eastgodavari,kharif,71,rust
maize,clayloam,56,30,76,140,eastgodavari,rabi,81,headsmut
maize,sandyclayloam,53,32,71,100,eastgodavari,rabi,66,charcoalrot
maize,clayloam,67,31,89,220,eastgodavari,kharif,51,bacterialstalkrot
maize,redsandyloam,61,28,83,170,eastgodavari,kharif,56,mosaicvirus
maize,sandyclayloam,65,29,85,175,eastgodavari,kharif,61,brownspot
redgram,redsandyloams,59,27,83,97,eastgodavari,kharif,61,wilt
redgram,clayloamysoils,66,29,86,122,eastgodavari,kharif,51,dryrootrot
redgram,sandyclayloams,55,26,81,90,eastgodavari,kharif,46,powderymildew
redgram,redsandyloams,61,28,84,105,eastgodavari,kharif,53,stemblight
redgram,clayloamysoils,68,30,87,130,eastgodavari,kharif,66,leafspot
redgram,sandyclayloams,56,25,80,88,eastgodavari,kharif,41,sterilitymosaicdisease
redgram,redsandyloams,62,28,82,98,eastgodavari,kharif,49,seedlingblight
redgram,clayloamysoils,63,29,85,110,eastgodavari,kharif,59,brownblotch
redgram,sandyclayloams,60,27,83,100,eastgodavari,kharif,54,anthracnose
redgram,redsandyloams,64,28,81,95,eastgodavari,kharif,48,haloblight
greengram,clayloamysoils,63,29,81,105,eastgodavari,rabi,36,yellowmosaicdisease
greengram,sandyclayloams,57,28,79,92,eastgodavari,rabi,31,powderymildew
greengram,redsandyloams,49,32,61,67,eastgodavari,rabi,43,dryrootrot
greengram,clayloamysoils,66,26,86,110,eastgodavari,rabi,51,anthracnose
greengram,redsandyloams,53,27,74,90,eastgodavari,rabi,39,rust
greengram,sandyclayloams,59,30,77,95,eastgodavari,rabi,42,leafspot
greengram,clayloamysoils,61,28,83,108,eastgodavari,rabi,34,leafcrinkledisease
greengram,redsandyloams,51,29,71,84,eastgodavari,rabi,37,bacterialblight
greengram,clayloamysoils,62,27,80,101,eastgodavari,rabi,48,leafcurl
greengram,sandyclayloams,56,26,76,89,eastgodavari,rabi,41,ascochytaleafspot
blackgram,clayloamysoils,61,27,81,98,eastgodavari,rabi,36,yellowmosaicdisease
blackgram,sandyclayloams,55,29,76,87,eastgodavari,rabi,33,powderymildew
blackgram,redsandyloams,50,30,71,70,eastgodavari,rabi,41,dryrootrot
blackgram,clayloamysoils,64,26,86,108,eastgodavari,rabi,49,anthracnose
blackgram,redsandyloams,51,28,73,75,eastgodavari,rabi,38,rust
blackgram,sandyclayloams,56,27,79,82,eastgodavari,rabi,43,leafspot
blackgram,clayloamysoils,63,25,84,103,eastgodavari,rabi,34,leafcrinkledisease
blackgram,redsandyloams,52,28,75,79,eastgodavari,rabi,37,bacterialblight
blackgram,clayloamysoils,60,27,82,96,eastgodavari,rabi,46,leafcurl
blackgram,sandyclayloams,57,26,78,85,eastgodavari,rabi,40,ascochytaleafspot
cotton,blackcottonsoil,51,31,66,760,eastgodavari,kharif,43,wilt
cotton,blackcottonsoil,56,32,61,755,eastgodavari,kharif,50,rootrot
cotton,redsandyloam,46,33,59,740,eastgodavari,kharif,57,anthracnose
cotton,redsandyloam,49,34,61,735,eastgodavari,kharif,50,bacterialblight
cotton,clayloam,61,30,71,770,eastgodavari,kharif,64,bollrot
cotton,coastalalluvialsoil,66,29,76,780,eastgodavari,kharif,71,leafcurldisease
cotton,coastalalluvialsoil,63,28,79,775,eastgodavari,kharif,57,leafblight
cotton,clayloam,56,31,69,765,eastgodavari,kharif,64,greyorareolatemildew
cotton,blackcottonsoil,51,32,64,745,eastgodavari,kharif,43,leafspot
cotton,coastalalluvialsoil,61,30,81,785,eastgodavari,kharif,71,sootymould
cotton,sandyclayloam,49,33,67,750,eastgodavari,kharif,50,myrotheciumleafspot
cotton,redsandyloam,45,34,59,740,eastgodavari,kharif,57,stenosis
jowar,clayloam,61,30,79,760,eastgodavari,kharif,41,downymildew
jowar,sandyclayloam,56,29,76,760,eastgodavari,kharif,46,sorghumdownymildew
jowar,redsandyloam,59,31,71,760,eastgodavari,kharif,51,leafblight
jowar,clayloam,64,28,81,760,eastgodavari,kharif,56,rust
jowar,sandyclayloam,58,30,77,760,eastgodavari,kharif,61,headsmut
jowar,redsandyloam,55,29,73,760,eastgodavari,kharif,66,charcoalrot
jowar,clayloam,60,27,79,760,eastgodavari,kharif,71,bacterialstalkrot
jowar,sandyclayloam,62,29,75,760,eastgodavari,kharif,76,mosaic
jowar,clayloam,63,32,71,760,eastgodavari,kharif,81,crazytop
bajra,sandyclayloam,61,29,76,150,eastgodavari,kharif,31,downymildew
bajra,clayloam,66,30,71,120,eastgodavari,kharif,46,ergot
bajra,sandyclayloam,59,28,81,140,eastgodavari,kharif,41,smut
bajra,clayloam,63,31,79,160,eastgodavari,kharif,56,rust
bajra,sandyclayloam,56,29,71,110,eastgodavari,kharif,36,blast
bajra,clayloam,67,32,77,130,eastgodavari,kharif,61,leafblight
bajra,sandyclayloam,64,30,73,145,eastgodavari,kharif,51,bacterialleafstripe
bajra,clayloam,61,31,74,125,eastgodavari,kharif,66,leafspot
bajra,sandyclayloam,60,29,75,135,eastgodavari,kharif,71,charcoalrot
bajra,clayloam,65,30,80,140,eastgodavari,kharif,76,grainmold
ragi,sandyclayloam,66,29,81,760,eastgodavari,kharif,41,blast
ragi,sandyclayloam,71,28,76,700,eastgodavari,kharif,56,leafspot
ragi,clayloam,76,30,86,800,eastgodavari,kharif,61,fingerheadblast
ragi,clayloam,61,31,71,720,eastgodavari,kharif,46,brownspot
ragi,sandyclayloam,69,29,79,750,eastgodavari,kharif,51,seedlingblight
ragi,clayloam,71,30,83,760,eastgodavari,kharif,76,footrot
ragi,sandyclayloam,66,28,77,780,eastgodavari,kharif,81,sheathrot
ragi,clayloam,73,27,89,800,eastgodavari,kharif,71,leafblight
ragi,clayloam,75,29,86,810,eastgodavari,kharif,91,cercosporaleafspot
ragi,sandyclayloam,61,31,71,700,eastgodavari,kharif,86,helminthosporiumleafspot
minormillet,sandyclayloam,61,29,81,760,eastgodavari,kharif,36,blast
minormillet,redsandyloam,66,30,76,780,eastgodavari,kharif,41,smut
minormillet,sandyclayloam,69,29,79,750,eastgodavari,kharif,51,downymildew
minormillet,redsandyloam,71,28,81,730,eastgodavari,kharif,56,rust
minormillet,sandyclayloam,73,31,86,790,eastgodavari,kharif,61,leafspot
minormillet,redsandyloam,61,29,73,740,eastgodavari,kharif,46,bacterialleafstreak
minormillet,sandyclayloam,65,30,80,770,eastgodavari,kharif,71,helminthosporiumleafspot
minormillet,redsandyloam,67,29,83,760,eastgodavari,kharif,76,seedlingblight
minormillet,sandyclayloam,70,27,82,800,eastgodavari,kharif,81,cercosporaleafspot
minormillet,redsandyloam,68,29,84,795,eastgodavari,kharif,86,headsmut
bengalgram,clayloam,56,23,71,120,eastgodavari,rabi,26,fusariumwilt
bengalgram,sandyclayloam,61,24,69,100,eastgodavari,rabi,31,dryrootrot
bengalgram,clayloam,63,22,76,110,eastgodavari,rabi,36,collarrot
bengalgram,sandyclayloam,59,25,66,90,eastgodavari,rabi,41,ascochytablight
bengalgram,clayloam,61,23,73,115,eastgodavari,rabi,46,botrytisgraymold
bengalgram,sandyclayloam,64,21,71,95,eastgodavari,rabi,51,alternariablight
bengalgram,clayloam,60,24,69,100,eastgodavari,rabi,56,powderymildew
bengalgram,sandyclayloam,62,26,67,110,eastgodavari,rabi,61,anthracnose
bengalgram,clayloam,58,22,70,105,eastgodavari,rabi,66,leafspot
bengalgram,sandyclayloam,61,23,71,100,eastgodavari,rabi,71,bacterialblight
sesamum,clayloam,56,26,71,110,eastgodavari,rabi,21,rootrot
sesamum,sandyclayloam,51,27,69,95,eastgodavari,rabi,26,stemrot
sesamum,clayloam,58,29,73,105,eastgodavari,rabi,31,leafblight
sesamum,sandyclayloam,55,25,66,100,eastgodavari,rabi,36,leafspot
sesamum,clayloam,59,28,71,120,eastgodavari,rabi,41,wilt
sesamum,sandyclayloam,57,30,67,110,eastgodavari,rabi,46,stemblight
sesamum,clayloam,54,31,69,115,eastgodavari,rabi,51,powderymildew
sesamum,sandyclayloam,53,29,71,105,eastgodavari,rabi,56,bacterialleafspot
sesamum,clayloam,56,30,70,100,eastgodavari,rabi,61,phyllody
sesamum,sandyclayloam,51,27,68,95,eastgodavari,rabi,66,anthracnose
turmeric,clayloam,66,27,86,900,eastgodavari,kharif,61,leafspot
turmeric,sandyclayloam,61,29,89,950,eastgodavari,kharif,91,leafblotch
turmeric,clayloam,71,31,91,1050,eastgodavari,kharif,121,rhizomerot
turmeric,sandyclayloam,64,30,81,980,eastgodavari,kharif,151,bacterialleafspot
turmeric,clayloam,69,28,85,1000,eastgodavari,kharif,181,fusariumwilt
turmeric,sandyclayloam,65,29,87,1100,eastgodavari,kharif,211,anthracnose
turmeric,clayloam,68,27,84,950,eastgodavari,kharif,241,colletotrichumleafspot
turmeric,sandyclayloam,63,29,83,900,eastgodavari,kharif,271,leafblotch
turmeric,clayloam,67,30,86,1000,eastgodavari,kharif,301,rhizomerot
tobacco,sandyloam,51,23,71,950,eastgodavari,rabi,31,dampingoff
tobacco,sandyclayloam,53,25,66,1000,eastgodavari,rabi,46,frogeyeleafspot
tobacco,sandyloam,56,27,73,1100,eastgodavari,rabi,61,brownspot
tobacco,sandyclayloam,51,24,69,1020,eastgodavari,rabi,76,mosaicvirus
tobacco,sandyloam,54,26,76,1080,eastgodavari,rabi,91,blackshank
tobacco,sandyclayloam,51,28,81,1050,eastgodavari,rabi,101,leafcurlvirus
tobacco,sandyloam,49,25,67,990,eastgodavari,rabi,111,bacterialwilt
tobacco,sandyloam,48,23,65,970,eastgodavari,rabi,121,tobaccostreakvirus
sunflower,sandyloam,49,23,61,980,eastgodavari,rabi,26,downymildew
sunflower,clayloam,53,25,66,1020,eastgodavari,rabi,41,alternarialeafspot
sunflower,sandyloam,51,26,71,1100,eastgodavari,rabi,56,powderymildew
sunflower,clayloam,55,28,69,1050,eastgodavari,rabi,71,charcoalrot
sunflower,sandyloam,50,27,73,1080,eastgodavari,rabi,86,rust
sunflower,clayloam,52,29,76,1120,eastgodavari,rabi,96,headrot
sunflower,sandyloam,47,22,59,970,eastgodavari,rabi,106,stemrot
sunflower,clayloam,48,24,61,990,eastgodavari,rabi,121,phomopsisstemcanker
horsegram,redsandyloam,37,23,51,740,eastgodavari,rabi,26,leafspot
horsegram,clayloam,43,25,56,800,eastgodavari,rabi,41,powderymildew
horsegram,redsandyloam,39,26,61,810,eastgodavari,rabi,56,anthracnose
horsegram,clayloam,44,27,59,850,eastgodavari,rabi,71,yellowmosaicvirus
horsegram,redsandyloam,38,28,66,870,eastgodavari,rabi,91,dryrootrot
horsegram,clayloam,45,29,63,890,eastgodavari,rabi,101,collarrot
cowgram,redsandyloam,35,23,49,720,eastgodavari,rabi,31,leafspot
cowgram,clayloam,42,25,53,750,eastgodavari,rabi,46,anthracnose
cowgram,redsandyloam,37,26,56,780,eastgodavari,rabi,61,powderymildew
cowgram,clayloam,44,27,59,800,eastgodavari,rabi,76,yellowmosaicvirus
cowgram,redsandyloam,36,28,61,830,eastgodavari,rabi,91,rust
cowgram,clayloam,43,29,58,850,eastgodavari,rabi,101,dryrootrot
redgram,shallowredsoil,46,29,66,870,prakasam,kharif,56,wilt
redgram,deepblacksoil,41,28,71,870,prakasam,rabi,81,sterilitymosaicvirus
redgram,sandyloamysoil,31,31,61,870,prakasam,rabi,41,dryrootrot
redgram,shallowredsoil,43,27,67,870,prakasam,kharif,61,powderymildew
redgram,deepblacksoil,39,26,65,870,prakasam,rabi,71,leafspot
redgram,shallowredsoil,37,28,69,870,prakasam,kharif,66,phytophthorablight
redgram,sandyloamysoil,35,29,68,870,prakasam,rabi,51,seedlingblight
redgram,deepblacksoil,40,27,63,870,prakasam,rabi,76,brownblotch
redgram,shallowredsoil,38,30,71,870,prakasam,kharif,86,stemblight
redgram,sandyloamysoil,36,29,70,870,prakasam,rabi,56,leafcrinklevirus
cotton,deepblacksoil,51,33,76,870,prakasam,kharif,61,bacterialblight
redgram,blackcotton,73,27,75,250,krishna,rabi,38,haloblight
cotton,sandyloamysoil,43,32,71,870,prakasam,kharif,81,bollrot
cotton,shallowredsoil,47,30,73,870,prakasam,kharif,71,fusariumwilt
cotton,deepblacksoil,49,29,75,870,prakasam,rabi,91,verticilliumwilt
cotton,sandyloamysoil,37,31,72,870,prakasam,kharif,51,anthracnose
cotton,shallowredsoil,48,32,77,870,prakasam,rabi,86,alternarialeafblight
cotton,sandysoil,34,33,68,870,prakasam,kharif,56,graymildew
cotton,deepblacksoil,50,30,74,870,prakasam,kharif,96,rootrot
cotton,sandyloamysoil,42,29,71,870,prakasam,rabi,66,tobaccostreakvirus
bengalgram,shallowredsoil,39,26,61,870,prakasam,rabi,51,dryrootrot
bengalgram,sandyloamysoil,37,25,56,870,prakasam,rabi,61,wilt
bengalgram,deepblacksoil,43,24,59,870,prakasam,rabi,76,ascochytablight
bengalgram,shallowredsoil,41,27,64,870,prakasam,rabi,71,collarrot
bengalgram,deepblacksoil,46,28,65,870,prakasam,rabi,86,botrytisgraymold
bengalgram,sandyloamysoil,38,26,60,870,prakasam,rabi,56,alternariablight
bengalgram,shallowredsoil,40,27,61,870,prakasam,rabi,66,anthracnose
bengalgram,deepblacksoil,44,25,62,870,prakasam,rabi,81,rust
bengalgram,sandyloamysoil,36,24,57,870,prakasam,rabi,61,sclerotiniastemrot
bengalgram,shallowredsoil,42,26,58,870,prakasam,rabi,71,powderymildew
blackgram,sandyloamysoil,31,27,66,870,prakasam,rabi,46,yellowmosaicvirus
blackgram,shallowredsoil,41,28,71,870,prakasam,rabi,61,anthracnose
blackgram,deepblacksoil,46,26,76,870,prakasam,rabi,71,powderymildew
blackgram,sandyloamysoil,34,29,67,870,prakasam,rabi,56,leafcrinkledisease
blackgram,shallowredsoil,37,27,69,870,prakasam,rabi,66,cercosporaleafspot
blackgram,deepblacksoil,45,26,73,870,prakasam,rabi,76,rust
blackgram,sandyloamysoil,33,27,64,870,prakasam,rabi,51,dryrootrot
blackgram,shallowredsoil,39,28,70,870,prakasam,rabi,61,bacterialblight
blackgram,deepblacksoil,47,25,71,870,prakasam,rabi,81,stemrot
blackgram,sandyloamysoil,32,26,68,870,prakasam,rabi,56,haloblight
sesamum,sandyloamysoil,29,33,61,870,prakasam,kharif,41,phyllody
sesamum,shallowredsoil,31,32,66,870,prakasam,kharif,51,leafcurl
sesamum,deepblacksoil,34,30,63,870,prakasam,kharif,46,cercosporaleafspot
sesamum,sandyloamysoil,30,29,65,870,prakasam,kharif,56,powderymildew
sesamum,shallowredsoil,35,31,64,870,prakasam,kharif,61,alternariablight
sesamum,deepblacksoil,36,30,67,870,prakasam,kharif,66,macrophominarootrot
sesamum,sandyloamysoil,32,29,66,870,prakasam,kharif,71,bacterialblight
sesamum,shallowredsoil,37,29,68,870,prakasam,kharif,76,wilt
sesamum,deepblacksoil,38,28,69,870,prakasam,kharif,81,stemrot
sesamum,sandyloamysoil,33,29,70,870,prakasam,kharif,86,rust
bajra,sandyloamysoil,36,32,61,870,prakasam,kharif,41,downymildew
bajra,sandysoil,31,34,56,870,prakasam,kharif,51,smut
bajra,shallowredsoil,39,33,59,870,prakasam,kharif,61,ergot
bajra,sandyloamysoil,33,31,63,870,prakasam,kharif,46,rust
bajra,deepblacksoil,41,30,66,870,prakasam,kharif,56,blast
bajra,shallowredsoil,37,32,64,870,prakasam,kharif,71,leafspot
bajra,sandysoil,32,33,58,870,prakasam,kharif,51,bacterialleafstripe
bajra,sandyloamysoil,34,31,61,870,prakasam,kharif,66,grainsmut
bajra,deepblacksoil,40,29,67,870,prakasam,kharif,61,charcoalrot
bajra,shallowredsoil,38,30,65,870,prakasam,kharif,56,headsmut
castor,sandyloamysoil,35,32,63,870,prakasam,kharif,51,fusariumwilt
castor,shallowredsoil,37,30,65,870,prakasam,kharif,61,leafblight
castor,deepblacksoil,43,29,68,870,prakasam,kharif,71,alternariablight
castor,sandyloamysoil,33,31,61,870,prakasam,kharif,56,macrophominastemrot
castor,sandysoil,31,33,59,870,prakasam,kharif,46,graymold
castor,shallowredsoil,36,30,64,870,prakasam,kharif,66,rootrot
castor,deepblacksoil,44,28,67,870,prakasam,kharif,76,wilt
castor,sandyloamysoil,34,29,66,870,prakasam,kharif,71,cercosporaleafspot
castor,sandysoil,32,32,60,870,prakasam,kharif,51,anthracnose
castor,shallowredsoil,38,31,63,870,prakasam,kharif,81,botrytisblight
cowpea,sandyloamysoil,37,30,66,870,prakasam,rabi,51,cercosporaleafspot
cowpea,shallowredsoil,39,29,68,870,prakasam,rabi,61,anthracnose
cowpea,deepblacksoil,45,28,69,870,prakasam,rabi,71,powderymildew
cowpea,sandyloamysoil,35,27,64,870,prakasam,rabi,56,rust
cowpea,sandysoil,33,31,62,870,prakasam,rabi,46,bacterialblight
cowpea,shallowredsoil,40,30,67,870,prakasam,rabi,66,collarrot
cowpea,deepblacksoil,46,26,71,870,prakasam,rabi,76,seedlingblight
cowpea,sandyloamysoil,36,28,65,870,prakasam,rabi,61,southernblight
cowpea,sandysoil,34,29,61,870,prakasam,rabi,56,mosaicvirus
cowpea,shallowredsoil,41,27,70,870,prakasam,rabi,71,haloblight
tobacco,sandyloamysoil,39,29,66,870,prakasam,rabi,51,blackshank
tobacco,shallowredsoil,41,28,67,870,prakasam,rabi,61,dampingoff
tobacco,deepblacksoil,43,27,68,870,prakasam,rabi,71,tobaccomosaicvirus
tobacco,sandyloamysoil,38,30,65,870,prakasam,rabi,56,frogeyeleafspot
tobacco,sandysoil,36,31,63,870,prakasam,rabi,46,angularleafspot
tobacco,shallowredsoil,42,29,66,870,prakasam,rabi,66,powderymildew
tobacco,deepblacksoil,44,26,69,870,prakasam,rabi,76,rootknotnematode
tobacco,sandyloamysoil,37,28,64,870,prakasam,rabi,61,leafcurlvirus
tobacco,sandysoil,35,30,62,870,prakasam,rabi,51,anthracnose
tobacco,shallowredsoil,40,27,70,870,prakasam,rabi,71,collarrot
maize,sandyloamysoil,39,29,66,870,prakasam,kharif,51,downymildew
maize,shallowredsoil,41,30,67,870,prakasam,kharif,61,turcicumleafblight
maize,deepblacksoil,43,31,65,870,prakasam,kharif,71,maydisleafblight
maize,sandyloamysoil,37,29,68,870,prakasam,kharif,56,charcoalrot
maize,sandysoil,35,32,63,870,prakasam,kharif,46,rust
maize,shallowredsoil,42,29,69,870,prakasam,kharif,66,headsmut
maize,deepblacksoil,44,30,70,870,prakasam,kharif,76,sorghumdownymildew
maize,sandyloamysoil,38,31,64,870,prakasam,kharif,61,crazytop
maize,sandysoil,36,29,67,870,prakasam,kharif,51,bacterialstalkrot
maize,shallowredsoil,40,28,68,870,prakasam,kharif,71,mosaicvirus
jowar,redsandyloams,37,29,67,257.3,westgodavari,rabi,46,downymildew
jowar,clayloams,39,30,69,257.3,westgodavari,rabi,56,charcoalrot
jowar,sandyalluvial,35,31,66,257.3,westgodavari,rabi,61,anthracnose
jowar,deltaicalluvial,38,28,71,257.3,westgodavari,rabi,51,rust
jowar,coastalsandyloams,34,30,64,257.3,westgodavari,rabi,41,leafblight
jowar,clayloams,40,29,68,257.3,westgodavari,rabi,66,grainsmut
jowar,redsandyloams,36,27,70,257.3,westgodavari,rabi,71,headsmut
jowar,deltaicalluvial,37,28,67,257.3,westgodavari,rabi,56,zonateleafspot
jowar,sandyalluvial,35,29,69,257.3,westgodavari,rabi,51,ergot
jowar,clayloams,39,31,65,257.3,westgodavari,rabi,61,sootystripe
ragi,redsandyloams,36,28,69,257.3,westgodavari,rabi,31,blast
ragi,clayloams,37,27,71,257.3,westgodavari,rabi,41,leafspot
ragi,sandyalluvial,34,29,67,257.3,westgodavari,rabi,36,brownspot
ragi,deltaicalluvial,35,28,68,257.3,westgodavari,rabi,46,footrot
ragi,coastalsandyloams,33,30,66,257.3,westgodavari,rabi,26,downymildew
ragi,clayloams,38,29,70,257.3,westgodavari,rabi,51,rust
ragi,redsandyloams,36,27,69,257.3,westgodavari,rabi,56,seedlingblight
ragi,deltaicalluvial,37,28,67,257.3,westgodavari,rabi,46,headsmut
ragi,sandyalluvial,34,29,68,257.3,westgodavari,rabi,41,sheathrot
ragi,clayloams,39,31,65,257.3,westgodavari,rabi,61,neckblast
maize,clayloams,39,29,69,257.3,westgodavari,rabi,46,turcicumleafblight
maize,redsandyloams,37,28,71,257.3,westgodavari,rabi,61,coonrust
maize,deltaicalluvial,38,30,67,257.3,westgodavari,rabi,51,stalkrot
maize,sandyalluvial,36,27,70,257.3,westgodavari,rabi,56,bandedleafandsheathblight
maize,clayloams,40,29,68,257.3,westgodavari,rabi,66,maydisleafblight
maize,redsandyloams,38,28,69,257.3,westgodavari,rabi,41,downymildew
maize,deltaicalluvial,37,29,66,257.3,westgodavari,rabi,71,headsmut
maize,sandyalluvial,35,30,65,257.3,westgodavari,rabi,51,charcoalrot
maize,clayloams,39,31,64,257.3,westgodavari,rabi,56,bacterialstalkrot
maize,redsandyloams,37,29,67,257.3,westgodavari,rabi,61,mosaicvirus
minormillets,redsandyloams,39,29,76,792,westgodavari,kharif,41,blast
minormillets,clayloams,41,28,77,792,westgodavari,kharif,36,smut
minormillets,sandyalluvial,38,30,75,792,westgodavari,kharif,46,leafspot
minormillets,deltaicalluvial,40,29,74,792,westgodavari,kharif,51,downymildew
minormillets,redsandyloams,39,27,78,792,westgodavari,kharif,56,headsmut
minormillets,clayloams,42,28,77,792,westgodavari,kharif,61,seedlingblight
minormillets,sandyalluvial,37,29,73,792,westgodavari,kharif,41,rust
minormillets,deltaicalluvial,39,30,72,792,westgodavari,kharif,51,ergot
minormillets,redsandyloams,38,27,76,792,westgodavari,kharif,46,sheathrot
minormillets,clayloams,41,31,71,792,westgodavari,kharif,61,necrosis
redgram,redsandyloams,41,29,75,792,westgodavari,kharif,91,wilt
redgram,clayloams,43,28,76,792,westgodavari,kharif,101,dryrootrot
redgram,sandyalluvial,39,27,77,792,westgodavari,kharif,61,powderymildew
redgram,deltaicalluvial,42,30,73,792,westgodavari,kharif,81,stemblight
redgram,redsandyloams,40,29,74,792,westgodavari,kharif,71,leafspot
redgram,clayloams,44,28,75,792,westgodavari,kharif,76,sterilitymosaicdisease
redgram,sandyalluvial,38,29,76,792,westgodavari,kharif,51,seedlingblight
redgram,deltaicalluvial,41,27,77,792,westgodavari,kharif,61,brownblotch
redgram,redsandyloams,40,30,74,792,westgodavari,kharif,86,anthracnose
redgram,clayloams,43,28,73,792,westgodavari,kharif,96,stemrot
redgram,sandyalluvial,39,29,71,792,westgodavari,kharif,66,haloblight
blackgram,redsandyloams,46,28,79,792,westgodavari,kharif,61,powderymildew
blackgram,clayloams,48,29,76,792,westgodavari,kharif,91,anthracnose
blackgram,sandyalluvial,45,27,77,792,westgodavari,kharif,51,leafspot
blackgram,deltaicalluvial,44,30,75,792,westgodavari,kharif,71,rust
blackgram,redsandyloams,47,28,78,792,westgodavari,kharif,86,dryrootrot
blackgram,clayloams,46,29,76,792,westgodavari,kharif,61,yellowmosaicdisease
blackgram,sandyalluvial,45,29,74,792,westgodavari,kharif,91,leafcrinkledisease
blackgram,deltaicalluvial,43,27,77,792,westgodavari,kharif,56,leafcurl
blackgram,redsandyloams,44,29,73,792,westgodavari,kharif,81,ascochytaleafspot
blackgram,clayloams,46,28,75,792,westgodavari,kharif,66,bacterialblight
greengram,redsandyloams,45,28,78,792,westgodavari,kharif,61,powderymildew
greengram,clayloams,46,29,76,792,westgodavari,kharif,86,anthracnose
greengram,sandyalluvial,43,27,77,792,westgodavari,kharif,51,leafspot
greengram,deltaicalluvial,44,30,75,792,westgodavari,kharif,71,rust
greengram,redsandyloams,47,29,77,792,westgodavari,kharif,81,dryrootrot
greengram,clayloams,46,29,76,792,westgodavari,kharif,56,yellowmosaicdisease
greengram,sandyalluvial,44,28,78,792,westgodavari,kharif,91,leafcrinkledisease
greengram,deltaicalluvial,43,27,77,792,westgodavari,kharif,66,leafcurlnecrosis
greengram,redsandyloams,44,29,73,792,westgodavari,kharif,76,ascochytaleafspot
greengram,clayloams,45,28,75,792,westgodavari,kharif,71,bacterialblight
horsegram,redsandyloams,43,29,73,792,westgodavari,kharif,56,anthracnose
horsegram,clayloams,45,28,74,792,westgodavari,kharif,66,powderymildew
horsegram,sandyalluvial,42,30,71,792,westgodavari,kharif,51,leafspot
horsegram,deltaicalluvial,44,29,75,792,westgodavari,kharif,81,rust
horsegram,redsandyloams,43,29,77,792,westgodavari,kharif,61,collarrot
horsegram,clayloams,44,27,73,792,westgodavari,kharif,71,dryrootrot
horsegram,sandyalluvial,42,30,71,792,westgodavari,kharif,76,leafblight
horsegram,deltaicalluvial,45,28,75,792,westgodavari,kharif,86,stemrot
horsegram,redsandyloams,44,29,73,792,westgodavari,kharif,91,rootrot
horsegram,clayloams,43,27,76,792,westgodavari,kharif,61,bacterialleafspot
cowpea,redsandyloams,45,29,75,792,westgodavari,kharif,56,anthracnose
cowpea,clayloams,44,28,76,792,westgodavari,kharif,66,powderymildew
cowpea,sandyalluvial,42,27,73,792,westgodavari,kharif,51,cercosporaleafspot
cowpea,deltaicalluvial,43,29,74,792,westgodavari,kharif,71,rust
cowpea,redsandyloams,46,30,71,792,westgodavari,kharif,61,collarrot
cowpea,clayloams,45,27,75,792,westgodavari,kharif,81,rootrot
cowpea,sandyalluvial,43,29,77,792,westgodavari,kharif,91,bacterialblight
cowpea,deltaicalluvial,44,28,73,792,westgodavari,kharif,86,leafblight
cowpea,redsandyloams,42,29,76,792,westgodavari,kharif,71,wilt
cowpea,clayloams,43,27,74,792,westgodavari,kharif,61,mosaicvirus
turmeric,redsandyloams,61,28,86,792,westgodavari,kharif,46,rhizomerot
turmeric,clayloams,63,29,84,792,westgodavari,kharif,61,leafblotch
turmeric,sandyalluvial,59,30,83,792,westgodavari,kharif,76,leafspot
turmeric,deltaicalluvial,66,27,87,792,westgodavari,kharif,91,leafblight
turmeric,redsandyloams,62,29,81,792,westgodavari,kharif,121,fusariumwilt
turmeric,clayloams,65,28,85,792,westgodavari,kharif,151,collarrot
turmeric,sandyalluvial,60,30,82,792,westgodavari,kharif,181,bacterialleafspot
turmeric,deltaicalluvial,64,29,86,792,westgodavari,kharif,211,pythiumsoftrot
turmeric,redsandyloams,61,28,84,792,westgodavari,kharif,241,taphrinaleafspot
turmeric,clayloams,63,27,87,792,westgodavari,kharif,271,rhizomerot
cotton,redsandyloams,43,29,73,792,westgodavari,kharif,41,wilt
cotton,clayloams,45,28,76,792,westgodavari,kharif,61,verticilliumwilt
cotton,sandyalluvial,42,30,71,792,westgodavari,kharif,56,rootrot
cotton,deltaicalluvial,44,29,74,792,westgodavari,kharif,71,anthracnose
cotton,redsandyloams,46,28,77,792,westgodavari,kharif,81,areolatemildew
cotton,clayloams,44,29,73,792,westgodavari,kharif,91,bollrot
cotton,sandyalluvial,43,30,71,792,westgodavari,kharif,101,leafblight
cotton,deltaicalluvial,45,27,75,792,westgodavari,kharif,111,bacterialblight
cotton,redsandyloams,44,29,74,792,westgodavari,kharif,121,leafcurldisease
cotton,clayloams,46,28,76,792,westgodavari,kharif,131,stenosis
cotton,sandyalluvial,42,30,72,792,westgodavari,kharif,86,leafspot
cotton,deltaicalluvial,45,29,77,792,westgodavari,kharif,96,myrotheciumleafspot
cotton,redsandyloams,43,29,71,792,westgodavari,kharif,106,rust
cotton,clayloams,44,28,79,792,westgodavari,kharif,101,sootymould
sesamum,redsandyloams,44,29,73,792,westgodavari,kharif,31,rootrot
sesamum,clayloams,46,28,75,792,westgodavari,kharif,41,leafblight
sesamum,sandyalluvial,43,29,72,792,westgodavari,kharif,36,leafspot
sesamum,deltaicalluvial,45,27,76,792,westgodavari,kharif,51,wilt
sesamum,redsandyloams,47,28,71,792,westgodavari,kharif,56,stemblight
sesamum,clayloams,49,29,73,792,westgodavari,kharif,61,powderymildew
sesamum,sandyalluvial,44,30,70,792,westgodavari,kharif,46,bacterialleafspot
sesamum,deltaicalluvial,46,29,72,792,westgodavari,kharif,66,phyllody
sesamum,redsandyloams,45,28,74,792,westgodavari,kharif,71,bacterialleafspot
sesamum,clayloams,43,29,71,792,westgodavari,kharif,51,anthracnose
bengalgram,clayloams,43,26,76,239,westgodavari,rabi,36,ascochytablight
bengalgram,deltaicalluvial,45,25,77,239,westgodavari,rabi,41,rust
bengalgram,redsandyloams,44,27,73,239,westgodavari,rabi,51,wilt
bengalgram,clayloams,46,26,75,239,westgodavari,rabi,61,stuntdiseasevirus
bengalgram,sandyalluvial,42,27,72,239,westgodavari,rabi,46,collarrot
bengalgram,redsandyloams,44,26,74,239,westgodavari,rabi,56,footrot
bengalgram,clayloams,43,25,76,239,westgodavari,rabi,66,stemrot
bengalgram,deltaicalluvial,45,26,77,239,westgodavari,rabi,41,bacterialleafblight
bengalgram,redsandyloams,43,27,71,239,westgodavari,rabi,61,beancoonmosaicvirus
tobacco,sandyalluvial,43,26,77,239,westgodavari,rabi,21,dampingoff
tobacco,clayloams,45,27,75,239,westgodavari,rabi,31,blackshank
tobacco,redsandyloams,44,26,74,239,westgodavari,rabi,36,frogeyespot
tobacco,clayloams,46,25,76,239,westgodavari,rabi,41,powderymildew
tobacco,sandyalluvial,43,27,72,239,westgodavari,rabi,46,brownspot
tobacco,redsandyloams,44,26,75,239,westgodavari,rabi,51,anthracnose
tobacco,clayloams,45,26,73,239,westgodavari,rabi,56,wildfire
tobacco,redsandyloams,44,25,71,239,westgodavari,rabi,61,tobaccomosaic
tobacco,sandyalluvial,42,27,72,239,westgodavari,rabi,66,leafcurl
tobacco,clayloams,46,26,76,239,westgodavari,rabi,71,broomrape
sunflower,sandyalluvial,43,26,73,239,westgodavari,rabi,31,rootrot
sunflower,redsandyloams,44,27,75,239,westgodavari,rabi,41,leafblight
sunflower,clayloams,46,25,77,239,westgodavari,rabi,51,rust
sunflower,sandyalluvial,42,26,71,239,westgodavari,rabi,61,headrot
sunflower,redsandyloams,45,27,72,239,westgodavari,rabi,56,powderymildew
sunflower,clayloams,44,26,76,239,westgodavari,rabi,46,basalrot
sunflower,redsandyloams,43,25,75,239,westgodavari,rabi,66,necrosis
cotton,blackcotton,69,29,79,520,guntur,kharif,26,wilt
cotton,redsoils,51,32,66,390,guntur,kharif,31,verticilliumwilt
cotton,blackcotton,71,30,81,530,guntur,kharif,51,rootrot
cotton,blackcotton,76,28,86,620,guntur,kharif,86,anthracnose
cotton,blackcotton,66,28,83,500,guntur,kharif,36,greyorareolatemildew
cotton,blackcotton,81,27,89,600,guntur,kharif,76,bollrot
cotton,redsoils,61,30,71,450,guntur,kharif,41,leafblight
cotton,blackcotton,71,29,85,540,guntur,kharif,61,bacterialblight
cotton,redsoils,56,31,73,420,guntur,kharif,46,leafcurldisease
cotton,blackcotton,68,29,76,500,guntur,kharif,61,stenosisorsmallleaf
cotton,redsoils,51,33,61,360,guntur,kharif,46,rust
cotton,blackcotton,73,28,84,550,guntur,kharif,71,myrotheciumleafspot
cotton,redsoils,59,32,69,440,guntur,kharif,36,leafspot
cotton,blackcotton,79,29,87,600,guntur,kharif,81,sootymould
blackgram,redsoils,59,29,71,410,guntur,rabi,31,yellowmosaicdisease
blackgram,redsoils,56,28,69,400,guntur,rabi,46,anthracnose
blackgram,blackcotton,66,27,77,460,guntur,rabi,51,powderymildew
blackgram,redsoils,61,30,73,420,guntur,rabi,41,leafspot
blackgram,blackcotton,71,26,79,480,guntur,rabi,61,rust
blackgram,blackcotton,69,28,76,470,guntur,rabi,56,dryrootrot
blackgram,redsoils,51,31,67,390,guntur,rabi,36,leafcrinkledisease
blackgram,redsoils,53,32,66,380,guntur,rabi,31,leafcurl
blackgram,redsoils,55,30,68,400,guntur,rabi,41,ascochytaleafspot
blackgram,blackcotton,65,27,74,450,guntur,rabi,51,bacterialblight
maize,blackcotton,71,27,79,460,guntur,rabi,31,sorghumdownymildew
maize,redsoils,61,28,73,430,guntur,rabi,41,leafblight
maize,blackcotton,76,26,81,470,guntur,rabi,46,downymildew
maize,redsoils,59,29,71,410,guntur,rabi,36,philippinedownymildew
maize,blackcotton,69,30,77,450,guntur,rabi,51,crazytop
maize,blackcotton,74,28,80,460,guntur,rabi,56,headsmut
maize,blackcotton,71,29,78,480,guntur,rabi,61,bacterialstalkrot
maize,redsoils,65,30,69,420,guntur,rabi,41,rust
maize,redsoils,63,29,68,415,guntur,rabi,31,brownspot
maize,blackcotton,70,31,76,470,guntur,rabi,66,charcoalrot
maize,redsoils,61,27,71,400,guntur,rabi,36,mosaic
redgram,redsoils,56,29,69,400,guntur,rabi,31,sterilitymosaicdisease
redgram,redsoils,59,30,71,420,guntur,rabi,41,leafspot
redgram,blackcotton,66,28,76,450,guntur,rabi,46,stemblight
redgram,blackcotton,69,27,79,460,guntur,rabi,51,wilt
redgram,blackcotton,71,29,81,470,guntur,rabi,56,dryrootrot
redgram,redsoils,63,30,73,440,guntur,rabi,36,powderymildew
redgram,redsoils,53,32,66,390,guntur,rabi,26,seedlingblight
redgram,redsoils,61,29,69,410,guntur,rabi,41,brownblotch
redgram,blackcotton,67,28,77,455,guntur,rabi,51,anthracnose
redgram,redsoils,60,31,71,420,guntur,rabi,46,stemrot
redgram,redsoils,58,30,70,430,guntur,rabi,36,haloblight
blackgram,blackcotton,66,27,75,420,krishna,rabi,26,yellowmosaicdisease
blackgram,blackcotton,68,28,77,430,krishna,rabi,41,rust
blackgram,redloams,61,29,73,410,krishna,rabi,36,powderymildew
blackgram,sandyclayloams,56,30,69,390,krishna,rabi,31,anthracnose
blackgram,redloams,59,31,66,400,krishna,rabi,29,leafspot
blackgram,blackcotton,71,26,79,450,krishna,rabi,46,dryrootrot
blackgram,redloams,63,28,71,415,krishna,rabi,34,leafcrinkledisease
blackgram,sandyclayloams,58,29,70,395,krishna,rabi,27,leafcurl
blackgram,redloams,55,30,67,385,krishna,rabi,33,ascochytaleafspot
blackgram,blackcotton,69,27,76,435,krishna,rabi,41,bacterialblight
maize,blackcotton,69,27,75,430,krishna,rabi,31,downymildew
maize,blackcotton,71,28,77,440,krishna,rabi,36,sorghumdownymildew
maize,redloams,63,29,72,410,krishna,rabi,33,philippinedownymildew
maize,sandyclayloams,59,30,69,395,krishna,rabi,29,crazytop
maize,redloams,64,31,71,405,krishna,rabi,41,leafblight
maize,blackcotton,73,26,79,450,krishna,rabi,46,rust
maize,blackcotton,75,27,80,460,krishna,rabi,51,headsmut
maize,redloams,66,28,73,415,krishna,rabi,43,charcoalrot
maize,sandyclayloams,61,29,70,400,krishna,rabi,34,bacterialstalkrot
maize,redloams,65,30,72,405,krishna,rabi,37,mosaic
maize,blackcotton,72,28,76,435,krishna,rabi,39,brownspot
cotton,blackcotton,69,29,77,470,krishna,kharif,36,wilt
cotton,redloams,63,31,73,450,krishna,kharif,41,verticilliumwilt
cotton,blackcotton,71,30,75,480,krishna,kharif,46,rootrot
cotton,redloams,61,32,71,440,krishna,kharif,39,anthracnose
cotton,sandyclayloams,59,33,70,430,krishna,kharif,33,greyorareolatemildew
cotton,blackcotton,73,28,79,490,krishna,kharif,51,bollrot
cotton,redloams,64,30,74,455,krishna,kharif,43,leafblight
cotton,blackcotton,76,29,80,495,krishna,kharif,49,bacterialblight
cotton,sandyclayloams,62,31,72,440,krishna,kharif,37,leafcurldisease
cotton,redloams,60,32,69,435,krishna,kharif,40,stenosisorsmallleaf
cotton,redloams,61,31,71,440,krishna,kharif,35,leafspot
cotton,blackcotton,69,30,75,460,krishna,kharif,38,myrotheciumleafspot
cotton,sandyclayloams,63,29,74,445,krishna,kharif,42,rust
cotton,redloams,65,28,76,455,krishna,kharif,44,sootymould
greengram,redloams,61,27,71,240,krishna,rabi,31,powderymildew
greengram,blackcotton,69,28,75,250,krishna,rabi,35,anthracnose
greengram,redloams,63,26,69,235,krishna,rabi,29,leafspot
greengram,sandyclayloams,59,29,70,245,krishna,rabi,37,rust
greengram,blackcotton,71,27,74,255,krishna,rabi,41,dryrootrot
greengram,redloams,64,28,73,250,krishna,rabi,33,yellowmosaicdisease
greengram,blackcotton,73,26,76,260,krishna,rabi,34,leafcrinkledisease
greengram,sandyclayloams,60,29,71,240,krishna,rabi,32,leafcurl
greengram,redloams,62,27,72,245,krishna,rabi,30,ascochytaleafspot
greengram,blackcotton,70,28,75,250,krishna,rabi,36,bacterialblight
tobacco,sandyclayloams,63,26,71,240,krishna,rabi,26,dampingoff
tobacco,blackcotton,71,27,74,250,krishna,rabi,31,blackshank
tobacco,redloams,64,26,70,235,krishna,rabi,35,frogeyespot
tobacco,blackcotton,69,28,73,255,krishna,rabi,38,powderymildew
tobacco,redloams,61,29,69,230,krishna,rabi,40,brownspot
tobacco,sandyclayloams,66,28,72,245,krishna,rabi,42,anthracnose
tobacco,blackcotton,72,27,75,260,krishna,rabi,36,wildfire
tobacco,redloams,65,26,71,250,krishna,rabi,34,tobaccomosaic
tobacco,sandyclayloams,67,27,70,245,krishna,rabi,39,leafcurl
tobacco,blackcotton,73,26,76,255,krishna,rabi,45,broomrape
redgram,blackcotton,71,27,73,250,krishna,rabi,36,wilt
redgram,sandyclayloams,63,28,69,245,krishna,rabi,41,dryrootrot
redgram,redloams,61,26,71,240,krishna,rabi,39,powderymildew
redgram,redloams,64,27,73,248,krishna,rabi,43,stemblight
redgram,blackcotton,72,29,75,260,krishna,rabi,35,leafspot
redgram,sandyclayloams,66,26,76,250,krishna,rabi,37,sterilitymosaicdisease
redgram,redloams,62,26,69,238,krishna,rabi,29,seedlingblight
redgram,blackcotton,71,28,74,255,krishna,rabi,34,brownblotch
redgram,redloams,61,27,71,242,krishna,rabi,40,anthracnose
redgram,sandyclayloams,65,28,72,249,krishna,rabi,42,stemrot
mango,redloamy,41,29,71,110,visakhapatnam,kharif,201,anthracnose
mango,redloamy,41,29,71,110,visakhapatnam,kharif,201,rootrot
banana,alluvial,66,28,86,150,visakhapatnam,annual,301,panamawilt
pineapple,lateritic,51,26,81,140,visakhapatnam,annual,241,heartrot
guava,redsandyloam,56,27,76,90,visakhapatnam,kharif,151,wilt
guava,redsandyloam,56,27,76,90,visakhapatnam,kharif,151,fruitrot
tomato,sandyloam,66,24,79,45,visakhapatnam,kharif,41,leafcurlvirus
tomato,sandyloam,66,24,79,45,visakhapatnam,kharif,41,fruitrot
brinjal,sandyloam,61,26,81,60,visakhapatnam,kharif,91,bacterialwilt
bhendi,sandyloam,56,27,77,70,visakhapatnam,kharif,76,yellowveinmosaicvirus
chillies,redsandy,51,28,79,85,visakhapatnam,kharif,121,bacterialleafspot
chillies,redsandy,51,28,79,85,visakhapatnam,kharif,121,dieback
beans,clayloam,61,25,78,80,visakhapatnam,kharif,66,leafspot
gourds,sandyloam,59,26,75,75,visakhapatnam,kharif,61,downymildew
coffee,redloamy,66,21,91,160,visakhapatnam,annual,366,coffeerust
cashew,redsandy,36,31,66,100,visakhapatnam,kharif,251,teamosquitobug
coconut,coastalsandy,66,29,81,120,visakhapatnam,annual,366,budrot
arecanut,alluvial,61,28,83,130,visakhapatnam,annual,366,yellowleafdisease
turmeric,clayloam,71,27,81,110,visakhapatnam,kharif,241,rhizomerot
turmeric,clayloam,71,27,81,110,visakhapatnam,kharif,241,leafspot
mango,redloamy,41,29,71,110,srikakulam,kharif,201,anthracnose
chillies,sandyloam,61,27,76,80,srikakulam,kharif,61,powderymildew
chillies,sandyloam,61,27,76,80,srikakulam,kharif,61,dampingoff
onion,alluvialloam,56,25,79,70,srikakulam,rabi,91,purpleblotch
onion,alluvialloam,56,25,79,70,srikakulam,rabi,91,stemphyliumblight
coconut,sandy,66,29,81,120,srikakulam,annual,366,budrot
coconut,sandy,66,29,81,120,srikakulam,annual,366,eriophyidmiteinfestation
cashew,redsandy,36,31,66,100,srikakulam,kharif,251,teamosquitobug
cashew,redsandy,36,31,66,100,srikakulam,kharif,251,powderymildew
oilpalm,redloamy,71,30,86,150,srikakulam,annual,301,basalstemrot
arecanut,alluvial,61,28,83,130,srikakulam,annual,366,yellowleafdisease
mango,redsandyloam,41,29,71,1150,vizianagaram,kharif,201,anthracnose
mango,redsandyloam,41,29,71,1150,vizianagaram,kharif,201,hopper
mango,redsandyloam,41,29,71,1150,vizianagaram,kharif,201,mealybug
mango,redsandyloam,41,29,71,1150,vizianagaram,kharif,201,malformation
cashew,sandyloam,36,29,71,1150,vizianagaram,kharif,181,dieback
brinjal,loamy,46,29,76,1150,vizianagaram,kharif,121,leafspot
brinjal,loamy,46,29,76,1150,vizianagaram,kharif,121,fruitrot
arecanut,sandyloam,56,27,81,1150,vizianagaram,kharif,221,budrot
oilpalm,clayloam,61,27,81,1150,vizianagaram,kharif,221,basalstemrot
coconut,sandyloam,51,27,81,1150,vizianagaram,kharif,221,rootwilt
batavian,redloamy,56,29,81,665,nellore,kharif,201,fungalinfection
orange,redloamy,56,29,81,665,nellore,kharif,201,fungalinfection
cashew,redsandy,41,31,71,665,nellore,kharif,251,fungalinfection
banana,alluvial,71,28,86,665,nellore,kharif,301,fungalinfection
chillies,redsandy,51,28,79,665,nellore,kharif,121,spodoptera
chillies,redsandy,51,28,79,665,nellore,kharif,121,mold
oilpalm,redloamy,66,30,86,665,nellore,annual,301,rootzonefungalinfection
banana,blackcotton,36,29,76,200,krishna,kharif,91,leafspots
banana,blackcotton,36,29,76,200,krishna,kharif,91,rhizomerotting
guava,redloam,31,27,71,180,krishna,rabi,81,anthracnose
chillies,sandyclayloam,26,31,61,150,krishna,kharif,61,leafspots
chillies,sandyclayloam,26,31,61,150,krishna,kharif,61,anthracnose
tomato,sandyclayloam,31,29,66,160,krishna,rabi,71,leafspots
turmeric,blackcotton,46,28,81,210,krishna,kharif,121,rhizomerot
turmeric,blackcotton,46,28,81,210,krishna,postharvest,181,mouldpostharvest
coconut,blackcotton,51,29,79,220,krishna,rabi,151,mouldpostharvest
oilpalm,blackcotton,51,30,81,230,krishna,kharif,151,twistedleaves
oilpalm,blackcotton,51,30,81,230,krishna,kharif,151,hangingbunches
mango,clayloamy,31,29,76,1204,eastgodavari,kharif,151,waterstress
mango,clayloamy,31,29,76,1204,eastgodavari,kharif,151,rootzonerot
banana,sandyclayloam,36,29,81,1204,eastgodavari,kharif,91,rhizomerot
banana,sandyclayloam,36,29,81,1204,eastgodavari,kharif,91,lodging
lemon,clayloamy,31,29,81,1204,eastgodavari,kharif,101,fungalinfection
lemon,clayloamy,31,29,81,1204,eastgodavari,kharif,101,collarrot
cashew,redsandyloam,29,29,76,1204,eastgodavari,kharif,121,wetrootstress
chillies,sandyclayloam,29,29,71,1204,eastgodavari,kharif,76,fruitrot
bhendi,sandyclayloam,29,29,71,1204,eastgodavari,kharif,61,dampingoff
brinjal,sandyclayloam,29,29,71,1204,eastgodavari,kharif,76,leafspot
gourds,sandyclayloam,29,29,71,1204,eastgodavari,kharif,71,waterloggingdamage
coconut,clayloamy,41,30,81,1204,eastgodavari,kharif,181,rootstress
oilpalm,clayloamy,41,30,81,1204,eastgodavari,kharif,181,nutrientdeficiency
cashew,redsandyloam,36,29,71,120,westgodavari,kharif,201,teamosquitobug
mango,redloamy,41,29,71,120,westgodavari,kharif,201,anthracnose
banana,alluvial,61,30,81,120,westgodavari,yearround,301,sigatoka
lemon,sandyloam,36,28,69,120,westgodavari,rabi,181,citruscanker
chillies,blacksoil,46,31,66,120,westgodavari,rabi,151,leafcurlvirus
brinjal,clayloam,51,29,76,120,westgodavari,rabi,131,shootandfruitborer
oilpalm,clayloam,61,31,86,120,westgodavari,perennial,366,budrot
coconut,sandyloam,56,29,79,120,westgodavari,perennial,366,eriophyidmite
mango,redsoil,41,29,71,870,prakasam,kharif,201,anthracnose
mango,redsoil,41,29,71,870,prakasam,kharif,201,rootrot
sapota,redsoil,46,28,66,870,prakasam,kharif,181,wilt
papaya,redsandyloam,51,27,76,870,prakasam,kharif,181,ringspotvirus
lemon,redsoil,41,29,66,870,prakasam,kharif,161,bacterialleafspot
chillies,blacksoil,36,29,61,870,prakasam,kharif,131,dieback
chillies,blacksoil,36,29,61,870,prakasam,kharif,131,fruitrot
tomato,sandyloam,41,27,71,870,prakasam,kharif,101,blight
tomato,sandyloam,41,27,71,870,prakasam,kharif,101,wilt
tomato,sandyloam,41,27,71,870,prakasam,kharif,101,virus
coriander,blacksoil,31,25,61,870,prakasam,rabi,111,powderymildew
coriander,blacksoil,31,25,61,870,prakasam,rabi,111,wilt
bss355,sandyloam,66,27,66,876,guntur,kharif,91,chilliveinalmottleviruschivmv
bangaram,sandyloam,66,27,66,876,guntur,rabi,91,tospovirusgbnv
2222,sandyloam,66,27,66,876,guntur,kharif,91,cucumbermosaicviruscmv
classic,sandyloam,66,27,66,876,guntur,rabi,91,tobaccomosaicvirustmv
byadagi,sandyloam,66,27,66,876,guntur,kharif,91,chillileafcurlviruschlcv
5531,sandyloam,66,27,66,876,guntur,rabi,91,chilliveinalmottleviruschivmv
155,sandyloam,66,27,66,876,guntur,kharif,91,tospovirusgbnv
250,sandyloam,66,27,66,876,guntur,kharif,91,cucumbermosaicviruscmv
275,sandyloam,66,27,66,876,guntur,rabi,91,tobaccomosaicvirustmv
341,sandyloam,66,27,66,876,guntur,kharif,91,chillileafcurlviruschlcv
no5,sandyloam,66,27,66,876,guntur,rabi,91,chilliveinalmottleviruschivmv
tejeswini,sandyloam,66,27,66,876,guntur,kharif,91,tospovirusgbnv
lca625,sandyloam,66,27,66,876,guntur,kharif,91,cucumbermosaicviruscmv
lca620,sandyloam,66,27,66,876,guntur,rabi,91,tobaccomosaicvirustmv
lch111,sandyloam,66,27,66,876,guntur,kharif,91,chillileafcurlviruschlcv
lca657,sandyloam,66,27,66,876,guntur,rabi,91,chilliveinalmottleviruschivmv
lca680,sandyloam,66,27,66,876,guntur,kharif,91,tospovirusgbnv
lca684,sandyloam,66,27,66,876,guntur,rabi,91,cucumbermosaicviruscmv
lca643,sandyloam,66,27,66,876,guntur,kharif,91,tobaccomosaicvirustmv
mango,redloamy,41,29,71,110,guntur,kharif,201,anthracnose
mango,redloamy,41,29,71,110,guntur,kharif,201,powderymildew
mango,redloamy,41,29,71,110,guntur,kharif,201,dieback
banana,loamy,61,27,86,150,guntur,kharif,181,sigatokaleafspot
banana,loamy,61,27,86,150,guntur,kharif,181,panamawilt
banana,loamy,61,27,86,150,guntur,kharif,181,anthracnose
lemon,sandyloam,36,28,66,100,guntur,rabi,161,citruscanker
lemon,sandyloam,36,28,66,100,guntur,rabi,161,guosis
lemon,sandyloam,36,28,66,100,guntur,rabi,161,dieback
orange,sandyloam,36,28,66,100,guntur,rabi,161,citruscanker
orange,sandyloam,36,28,66,100,guntur,rabi,161,fungalinfections
orange,sandyloam,36,28,66,100,guntur,rabi,161,dieback
papaya,loamy,51,29,76,130,guntur,kharif,151,powderymildew
papaya,loamy,51,29,76,130,guntur,kharif,151,anthracnose
papaya,loamy,51,29,76,130,guntur,kharif,151,ringspotvirus
chillies,blacksoil,31,28,61,90,guntur,rabi,141,anthracnose
chillies,blacksoil,31,28,61,90,guntur,rabi,141,powderymildew
chillies,blacksoil,31,28,61,90,guntur,rabi,141,leafspot
bhendi,sandyloam,31,29,66,100,guntur,kharif,121,yellowveinmosaicvirus
bhendi,sandyloam,31,29,66,100,guntur,kharif,121,powderymildew
bhendi,sandyloam,31,29,66,100,guntur,kharif,121,leafspot
cucumber,sandyloam,41,29,71,100,guntur,kharif,121,downymildew
cucumber,sandyloam,41,29,71,100,guntur,kharif,121,powderymildew
cucumber,sandyloam,41,29,71,100,guntur,kharif,121,anthracnose
brinjal,loamy,46,26,76,100,guntur,rabi,131,bacterialwilt
brinjal,loamy,46,26,76,100,guntur,rabi,131,leafspot
brinjal,loamy,46,26,76,100,guntur,rabi,131,collarrot
turmeric,sandyloam,56,27,81,120,guntur,kharif,221,rhizomerot
turmeric,sandyloam,56,27,81,120,guntur,kharif,221,leafspot
turmeric,sandyloam,56,27,81,120,guntur,kharif,221,rhizomeflyinfestation
sugarcane,redsoil,45,28,85,1162,srikakulam,kharif,366,redrot
sugarcane,redsoil,42,30,75,1162,srikakulam,kharif,91,smut
sugarcane,redsoil,55,27,80,1162,srikakulam,kharif,16,settrot
sugarcane,redsoil,48,32,70,1162,srikakulam,kharif,181,wilt
sugarcane,redsoil,50,29,88,1162,srikakulam,kharif,151,rust
sugarcane,redsoil,47,30,78,1162,srikakulam,kharif,121,guosis
sugarcane,redsoil,46,29,82,1162,srikakulam,kharif,101,redstripe
sugarcane,redsoil,44,28,80,1162,srikakulam,kharif,91,sugarcanemosaicvirus
sugarcane,redsoil,50,31,78,1162,srikakulam,kharif,151,grassyshootdisease
sugarcane,redsoil,43,30,82,1162,srikakulam,kharif,366,ratoonstuntingdisease
sugarcane,redclayloam,50,31,78,1200,visakhapatnam,kharif,151,grassyshootdisease
sugarcane,redclayloam,45,28,85,1200,visakhapatnam,kharif,366,redrot
sugarcane,redclayloam,42,30,75,1200,visakhapatnam,kharif,91,smut
sugarcane,redclayloam,55,27,80,1200,visakhapatnam,kharif,16,settrot
sugarcane,redclayloam,48,32,70,1200,visakhapatnam,kharif,181,wilt
sugarcane,redclayloam,50,29,88,1200,visakhapatnam,kharif,151,rust
sugarcane,redclayloam,47,30,78,1200,visakhapatnam,kharif,121,guosis
sugarcane,redclayloam,46,29,82,1200,visakhapatnam,kharif,101,redstripe
sugarcane,clayloam,48,29,80,1200,visakhapatnam,kharif,366,redrot
sugarcane,clayloam,45,31,74,1200,visakhapatnam,kharif,91,smut
sugarcane,clayloam,55,28,82,1200,visakhapatnam,kharif,16,settrot
sugarcane,clayloam,50,32,72,1200,visakhapatnam,kharif,181,wilt
sugarcane,clayloam,51,29,86,1200,visakhapatnam,kharif,151,rust
sugarcane,redsandyloam,42,29,78,1200,visakhapatnam,kharif,366,redrot
sugarcane,redsandyloam,40,31,70,1200,visakhapatnam,kharif,91,smut
sugarcane,redsandyloam,53,27,82,1200,visakhapatnam,kharif,16,settrot
sugarcane,redsandyloam,48,29,85,1200,visakhapatnam,kharif,151,rust
sugarcane,clayloam,48,30,78,1200,visakhapatnam,kharif,121,guosis
sugarcane,redsandyloam,45,30,77,1200,visakhapatnam,kharif,121,guosis
sugarcane,clayloam,44,28,79,1200,visakhapatnam,kharif,91,sugarcanemosaicvirus
sugarcane,clayloam,42,30,80,1132,vizayanagaram,kharif,366,ratoonstuntingdisease
sugarcane,redsandyloam,45,28,85,1132,vizayanagaram,kharif,366,redrot
sugarcane,redsandyloam,42,30,75,1132,vizayanagaram,kharif,91,smut
sugarcane,redsandyloam,53,27,80,1132,vizayanagaram,kharif,16,settrot
sugarcane,redsandyloam,48,32,70,1132,vizayanagaram,kharif,181,wilt
sugarcane,redsandyloam,50,29,88,1132,vizayanagaram,kharif,151,rust
sugarcane,redsandyloam,45,30,78,1132,vizayanagaram,kharif,121,guosis
sugarcane,redsandyclayloam,48,29,82,1132,vizayanagaram,kharif,101,redstripe
sugarcane,redsandyclayloam,44,28,80,1132,vizayanagaram,kharif,91,sugarcanemosaicvirus
sugarcane,redsandyclayloam,50,31,78,1132,vizayanagaram,kharif,151,grassyshootdisease
sugarcane,redsandyclayloam,43,30,82,1132,vizayanagaram,kharif,366,ratoonstuntingdisease
sugarcane,clayloam,48,29,80,1132,vizayanagaram,kharif,366,redrot
sugarcane,clayloam,45,31,74,1132,vizayanagaram,kharif,91,smut
sugarcane,clayloam,55,28,82,1132,vizayanagaram,kharif,16,settrot
sugarcane,clayloam,50,32,72,1132,vizayanagaram,kharif,181,wilt
sugarcane,clayloam,51,29,86,1132,vizayanagaram,kharif,151,rust
sugarcane,clayloam,48,30,78,1132,vizayanagaram,kharif,121,guosis
sugarcane,clayloam,46,30,81,1132,vizayanagaram,kharif,101,redstripe
sugarcane,clayloam,44,28,79,1132,vizayanagaram,kharif,91,sugarcanemosaicvirus
sugarcane,clayloam,51,31,77,1132,vizayanagaram,kharif,151,grassyshootdisease
sugarcane,redsandyloam,45,30,82,1020,eastgodavari,kharif,366,ratoonstuntingdisease
sugarcane,sandyclayloam,55,30,85,1020,eastgodavari,kharif,366,redrot
sugarcane,sandyclayloam,52,32,78,1020,eastgodavari,kharif,91,smut
sugarcane,sandyclayloam,60,28,85,1020,eastgodavari,rabi,16,settrot
sugarcane,sandyclayloam,58,33,80,1020,eastgodavari,kharif,181,wilt
sugarcane,clayloam,57,30,88,1020,eastgodavari,kharif,151,rust
sugarcane,clayloam,53,31,79,1020,eastgodavari,rabi,121,guosis
sugarcane,clayloam,50,29,83,1020,eastgodavari,rabi,101,redstripe
sugarcane,clayloam,55,30,81,1020,eastgodavari,rabi,91,sugarcanemosaicvirus
sugarcane,redsandyloam,48,31,79,1020,eastgodavari,kharif,151,grassyshootdisease
sugarcane,clayloam,56,30,85,1152,westgodavari,kharif,366,ratoonstuntingdisease
sugarcane,redsandyloam,52,30,85,1152,westgodavari,kharif,366,redrot
sugarcane,clayloam,55,32,80,1152,westgodavari,kharif,91,smut
sugarcane,alluvial,58,31,84,1152,westgodavari,kharif,16,settrot
sugarcane,deltaicalluvial,60,30,86,1152,westgodavari,kharif,181,wilt
sugarcane,clayloam,54,29,88,1152,westgodavari,kharif,151,rust
sugarcane,clayloam,55,30,82,1152,westgodavari,kharif,91,sugarcanemosaicvirus
sugarcane,deltaicalluvial,60,29,84,1152,westgodavari,kharif,151,grassyshootdisease
sugarcane,redloam,52,30,80,1034,krishna,rabi,366,ratoonstuntingdisease
sugarcane,blackcottonsoil,58,30,82,1034,krishna,rabi,366,redrot
sugarcane,redloam,52,31,80,1034,krishna,rabi,91,smut
sugarcane,sandyclayloam,55,30,81,1034,krishna,rabi,16,settrot
sugarcane,blackcottonsoil,60,29,78,1034,krishna,rabi,181,wilt
sugarcane,redloam,53,28,79,1034,krishna,rabi,151,rust
sugarcane,blackcottonsoil,57,30,80,1034,krishna,rabi,121,sugarcanemosaicvirus
sugarcane,sandyclayloam,55,29,81,1034,krishna,rabi,181,grassyshootdisease
sugarcane,coastalsandysoil,46,32,80,1095,nellore,kharif,271,redstripe
sugarcane,redsoil,58,31,78,1095,nellore,kharif,366,redrot
sugarcane,coastalsandysoil,45,32,82,1095,nellore,kharif,16,settrot
sugarcane,redsoil,54,30,76,1095,nellore,kharif,91,smut
sugarcane,blackcottonsoil,62,30,79,1095,nellore,rabi,181,wilt
sugarcane,redsoil,55,31,75,1095,nellore,rabi,151,rust
sugarcane,coastalsandysoil,47,30,83,1095,nellore,rabi,121,sugarcanemosaic
sugarcane,alluvialsoil,63,29,77,1095,nellore,rabi,181,grassyshoot
sugarcane,blackcottonsoil,65,30,78,1095,nellore,rabi,366,ratoonstunting
sugarcane,redsoil,52,30,74,1095,nellore,rabi,201,guosis
sugarcane,redsandy,44,32,67,934,chittoor,kharif,101,redstripe
sugarcane,redloam,48,32,70,934,chittoor,kharif,361,redrot
sugarcane,redsandy,42,33,68,934,chittoor,kharif,91,smut
sugarcane,blackloamy,55,30,75,934,chittoor,kharif,181,sugarcanemosaic
sugarcane,redclay,50,31,72,934,chittoor,kharif,121,wilt
sugarcane,redsandy,45,34,65,934,chittoor,kharif,16,settrot
sugarcane,redloam,47,32,72,934,chittoor,kharif,271,ratoonstunting
sugarcane,blackloamy,56,29,74,934,chittoor,kharif,151,grassyshoot
sugarcane,redloam,49,31,70,934,chittoor,kharif,201,guosis
sugarcane,redclay,46,30,69,934,chittoor,kharif,301,rust
sugarcane,deltaicalluvial,55,31,78,1153,westgodavari,kharif,301,ratoonstunting
sugarcane,clayloam,54,32,78,1204,eastgodavari,kharif,361,redrot
sugarcane,redsandyloam,45,34,65,1034,krishna,kharif,91,smut
sugarcane,sandyclayloam,48,33,75,1202,visakhapatnam,kharif,31,settrot
sugarcane,redloam,50,31,73,934,chittoor,kharif,121,wilt
sugarcane,clayloam,52,30,74,1153,westgodavari,kharif,271,rust
sugarcane,redclayloam,49,33,70,1204,eastgodavari,kharif,151,guosis
sugarcane,sandyalluvial,43,34,66,1034,nellore,kharif,101,redstripe
sugarcane,blackloamy,56,30,72,934,chittoor,kharif,181,sugarcanemosaic
sugarcane,redsandyloam,47,34,65,1162,srikakulam,kharif,61,grassyshoot
paddy,redsoil,88,29,89,705,srikakulam,kharif,46,ricegrassystuntdisease
paddy,redsoil,86,28,88,705,srikakulam,kharif,51,riceraggedstuntdisease
paddy,redsoil,80,30,85,705,srikakulam,kharif,41,blast
paddy,redsoil,78,28,80,705,srikakulam,kharif,51,brownspot
paddy,redsoil,82,29,83,705,srikakulam,kharif,61,narrowbrownleafspot
paddy,redsoil,88,30,90,705,srikakulam,kharif,66,sheathrot
paddy,redsoil,90,31,92,705,srikakulam,kharif,71,sheathblight
paddy,redsoil,85,30,88,705,srikakulam,kharif,76,falsesmut
paddy,redsoil,84,31,87,705,srikakulam,kharif,61,stemrot
paddy,redsoil,89,29,91,705,srikakulam,kharif,56,bacterialleafblight
paddy,redsoil,80,28,86,705,srikakulam,kharif,51,bacterialleafstreak
paddy,redsoil,91,27,92,705,srikakulam,kharif,61,ricetungrodisease
paddy,redsandyclayloam,88,29,89,692,vizayanagaram,kharif,46,ricegrassystuntdisease
paddy,redsandyloam,82,30,85,692,vizayanagaram,kharif,41,blast
paddy,redsandyclayloam,80,29,83,692,vizayanagaram,kharif,51,brownspot
paddy,redsandyloam,85,31,88,692,vizayanagaram,kharif,61,sheathblight
paddy,redloamysandysoil,86,31,89,692,vizayanagaram,kharif,71,falsesmut
paddy,redsandyloam,84,29,88,692,vizayanagaram,kharif,56,bacterialleafblight
paddy,redsandyloam,82,28,85,692,vizayanagaram,kharif,51,bacterialleafstreak
paddy,redsandyloam,90,27,92,692,vizayanagaram,kharif,61,ricetungrodisease
paddy,sandyclayloam,73,27,72,150,eastgodavari,rabi,51,bacterialleafstreak
paddy,clayloamysoil,88,31,90,760,eastgodavari,kharif,41,blast
paddy,sandyclayloam,85,30,88,760,eastgodavari,kharif,51,brownspot
paddy,clayloamysoil,90,32,91,760,eastgodavari,kharif,61,sheathblight
paddy,redsandyloam,84,31,89,760,eastgodavari,kharif,66,falsesmut
paddy,sandyclayloam,86,30,87,760,eastgodavari,kharif,71,sheathrot
paddy,clayloamysoil,90,29,92,760,eastgodavari,kharif,56,bacterialleafblight
paddy,clayloamysoil,85,28,88,760,eastgodavari,kharif,51,bacterialleafstreak
paddy,redsandyloam,89,30,90,760,eastgodavari,kharif,61,ricetungrodisease
paddy,sandyclayloam,87,29,89,760,eastgodavari,kharif,51,ricegrassystuntdisease
paddy,clayloamysoil,75,26,70,160,eastgodavari,rabi,41,blast
paddy,sandyclayloam,72,25,68,150,eastgodavari,rabi,51,brownspot
paddy,clayloamysoil,78,27,73,160,eastgodavari,rabi,61,falsesmut
paddy,redsandyloam,74,28,70,150,eastgodavari,rabi,66,bacterialleafblight
paddy,heavyclays,75,28,71,239,westgodavari,rabi,66,bacterialleafstreak
paddy,clayloam,88,30,90,792,westgodavari,kharif,36,blast
paddy,redsandyloam,82,31,88,792,westgodavari,kharif,41,brownspot
paddy,deltaicalluvial,85,29,92,792,westgodavari,kharif,51,sheathblight
paddy,heavyclays,90,28,91,792,westgodavari,kharif,61,bacterialleafblight
paddy,sandyalluvial,86,30,87,792,westgodavari,kharif,56,falsesmut
paddy,clayloam,76,26,72,239,westgodavari,rabi,36,brownspot
paddy,redsandyloam,74,25,70,239,westgodavari,rabi,46,bacterialleafblight
paddy,deltaicalluvial,78,27,73,239,westgodavari,rabi,51,sheathrot
paddy,clayloam,72,26,69,239,westgodavari,rabi,61,falsesmut
paddy,alluvialsoils,85,32,78,700,guntur,rabi,46,sheathblight
paddy,blackcottonsoils,82,30,80,600,guntur,rabi,91,blast
paddy,blackcottonsoils,64,32,80,500,guntur,rabi,61,footrot
paddy,redsoils,68,30,90,700,guntur,rabi,61,bacterialleafstreak
paddy,alluvialsoils,79,32,80,500,guntur,kharif,91,sheathrot
paddy,blackcottonsoils,64,32,85,500,guntur,rabi,91,brownspot
paddy,redsoils,64,28,85,600,guntur,rabi,76,footrot
paddy,alluvialsoils,80,28,78,500,guntur,rabi,31,sheathrot
paddy,alluvialsoils,82,28,80,450,guntur,rabi,76,falsesmut
paddy,redsoils,72,34,80,600,guntur,rabi,31,blast
paddy,redloams,66,27,80,700,krishna,kharif,71,falsesmut
paddy,blackcottonsoils,68,30,85,720,krishna,kharif,51,bacterialleafblight
paddy,redloams,62,29,82,700,krishna,kharif,61,sheathblight
paddy,sandyclayloams,60,28,78,685,krishna,kharif,46,brownspot
paddy,blackcottonsoils,70,31,87,730,krishna,kharif,71,falsesmut
paddy,alluvialsoils,75,27,90,750,krishna,kharif,56,leafblast
paddy,blackcottonsoils,65,26,83,260,krishna,rabi,61,footrot
paddy,redloams,60,25,78,250,krishna,rabi,66,sheathrot
paddy,sandyclayloams,58,24,76,270,krishna,rabi,71,tungrovirus
paddy,alluvialsoils,66,26,80,255,krishna,rabi,51,bacterialleafstreak
paddy,blackcottonsoils,69,29,84,710,krishna,kharif,41,stemrot
paddy,redloams,63,28,81,695,krishna,kharif,66,neckblast
paddy,sandyclayloams,64,27,79,680,krishna,kharif,61,sheathblight
paddy,blackcottonsoils,67,28,83,715,krishna,kharif,56,bacterialpanicleblight
paddy,alluvialsoils,68,26,82,720,krishna,kharif,61,leafscald
paddy,sandyloamysoils,66,30,84,410,prakasam,kharif,46,sheathrot
paddy,shallowredsoils,60,30,85,400,prakasam,kharif,51,sheathblight
paddy,deepblackcottonsoils,70,28,88,450,prakasam,kharif,61,bacterialleafblight
paddy,sandyloamysoils,65,29,82,420,prakasam,kharif,46,brownspot
paddy,deepblackcottonsoils,80,26,90,470,prakasam,kharif,71,leafblast
paddy,shallowredsoils,58,31,75,390,prakasam,kharif,41,bacterialleafstreak
paddy,sandyloamysoils,72,27,87,460,prakasam,kharif,56,falsesmut
paddy,deepblackcottonsoils,78,30,86,430,prakasam,rabi,61,footrot
paddy,shallowredsoils,65,28,84,410,prakasam,rabi,56,sheathblight
paddy,sandyloamysoils,62,29,80,395,prakasam,rabi,51,brownspot
paddy,deepblackcottonsoils,75,27,89,460,prakasam,rabi,71,leafblast
paddy,shallowredsoils,60,30,85,400,prakasam,rabi,61,bacterialleafblight
paddy,sandysoils,70,28,87,430,prakasam,rabi,66,falsesmut
paddy,shallowredsoils,68,29,86,440,prakasam,kharif,51,stemrot
paddy,deepblackcottonsoils,76,27,90,470,prakasam,kharif,61,bacterialleafstreak
paddy,claysoils,82,28,91,455,nellore,rabi,76,falsesmut
paddy,redloams,70,30,85,400,nellore,kharif,41,sheathblight
paddy,redsandy,68,32,80,350,nellore,kharif,56,brownspot
paddy,claysoils,80,29,90,450,nellore,kharif,71,bacterialleafblight
paddy,blackloamy,75,31,88,420,nellore,kharif,66,sheathrot
paddy,redclay,65,33,78,380,nellore,kharif,46,blast
paddy,redloams,72,30,82,390,nellore,kharif,61,bacterialleafstreak
paddy,claysoils,85,28,92,460,nellore,kharif,81,falsesmut
paddy,redsandy,66,31,77,370,nellore,kharif,51,brownspot
paddy,redloams,78,29,87,440,nellore,kharif,76,sheathblight
paddy,claysoils,83,28,93,470,nellore,kharif,91,stemrot
paddy,blackloamy,76,30,89,430,nellore,kharif,86,falsesmut
paddy,redclay,70,32,79,410,nellore,kharif,61,blast
paddy,redloams,74,31,81,395,nellore,rabi,51,bacterialleafblight
paddy,redsandy,69,29,84,405,nellore,rabi,66,sheathrot
paddy,redclayloam,55,26,90,702,vishakapatanam,kharif,121,blast
paddy,redsandyloam,59,25,91,710,vishakapatanam,kharif,121,blast
paddy,redclayloam,40,28,82,692,vishakapatanam,kharif,121,brownspot
paddy,redsandyloam,46,29,83,698,vishakapatanam,kharif,121,brownspot
paddy,redclayloam,43,26,86,703,vishakapatanam,kharif,121,narrowbrownleafspot
paddy,redsandyloam,46,25,87,720,vishakapatanam,kharif,121,narrowbrownleafspot
paddy,redclayloam,72,26,85,713,vishakapatanam,kharif,121,sheathrot
paddy,redclayloam,79,26,91,708,vishakapatanam,kharif,121,sheathblight
paddy,redclayloam,67,29,90,703,vishakapatanam,kharif,121,falsesmut
paddy,redclayloam,55,28,86,713,vishakapatanam,kharif,121,udbattadisease
paddy,redclayloam,69,30,91,720,vishakapatanam,kharif,121,stackburn
paddy,redclayloam,80,29,89,713,vishakapatanam,kharif,121,stemrot
paddy,redclayloam,85,31,88,710,vishakapatanam,kharif,121,footrot
paddy,redclayloam,87,27,82,713,vishakapatanam,kharif,121,bacterialleafblight
paddy,redclayloam,88,31,86,713,vishakapatanam,kharif,121,bacterialleafstrike
paddy,redclayloam,70,31,72,713,vishakapatanam,kharif,121,ricetungrodisease
paddy,redsoil,75,29,85,251,kadapa,rabi,71,bacterialpanicleblight
paddy,blacksoil,72,30,85,394,kadapa,kharif,46,sheathblight
paddy,redsoil,68,31,83,394,kadapa,kharif,51,brownspot
paddy,redsoil,74,32,82,394,kadapa,kharif,61,blast
paddy,blacksoil,75,29,87,394,kadapa,kharif,66,falsesmut
paddy,redsoil,70,30,88,394,kadapa,kharif,71,bacterialleafblight
paddy,sandysoil,66,31,79,394,kadapa,kharif,76,ricetungrodisease
paddy,blacksoil,72,28,81,394,kadapa,kharif,61,sheathrot
paddy,redsoil,69,27,83,394,kadapa,kharif,51,bacterialleafstreak
paddy,redsoil,73,30,85,394,kadapa,kharif,71,stemrot
paddy,sandysoil,67,31,84,394,kadapa,kharif,61,grassystuntdisease
paddy,blacksoil,70,26,80,251,kadapa,rabi,51,bacterialleafstreak
paddy,redsoil,74,27,82,251,kadapa,rabi,61,sheathblight
paddy,blacksoil,76,28,84,251,kadapa,rabi,66,blast
paddy,redsoil,72,29,86,251,kadapa,rabi,71,falsesmut
paddy,redsoil,70,28,83,251,kadapa,rabi,61,footrot
paddy,sandysoil,65,30,81,251,kadapa,rabi,56,stackburn
paddy,blacksoil,78,31,88,251,kadapa,rabi,61,neckblast
paddy,redloams,63,28,81,410,chittoor,rabi,66,neckblast
paddy,redloams,78,30,88,410,chittoor,kharif,46,sheathrot
paddy,redsandy,70,32,85,420,chittoor,kharif,56,brownspot
paddy,claysoils,85,29,91,455,chittoor,kharif,76,falsesmut
paddy,redloams,68,31,82,430,chittoor,kharif,61,bacterialleafblight
paddy,redclay,65,33,78,400,chittoor,kharif,41,blast
paddy,redloams,72,30,86,390,chittoor,rabi,51,bacterialleafstreak
paddy,redsandy,69,29,84,405,chittoor,rabi,66,sheathblight
paddy,redclayloam,80,31,90,450,chittoor,rabi,61,stemrot
paddy,claysoils,82,28,93,470,chittoor,rabi,86,falsesmut
paddy,redsandy,66,32,80,385,chittoor,rabi,56,brownspot
paddy,blacksoil,85,30,89,455,kurnool,kharif,71,footrot
paddy,blacksoil,80,29,85,455,kurnool,kharif,46,bacterialleafblight
paddy,redsoil,72,30,83,455,kurnool,kharif,56,brownspot
paddy,blacksoil,78,31,88,455,kurnool,kharif,61,sheathrot
paddy,blacksoil,84,30,87,455,kurnool,kharif,71,sheathblight
paddy,redsoil,75,28,82,455,kurnool,kharif,51,blast
paddy,blacksoil,88,29,90,455,kurnool,kharif,66,falsesmut
paddy,redsoil,74,27,80,455,kurnool,kharif,61,stemrot
paddy,blacksoil,69,26,78,455,kurnool,kharif,46,bacterialleafstreak
paddy,redsoil,77,28,84,455,kurnool,kharif,56,ricetungrodisease
paddy,blacksoil,63,30,81,328,anantapur,kharif,81,stemrot
paddy,shallowredsoil,58,29,78,328,anantapur,kharif,46,brownspot
paddy,shallowredsoil,60,30,80,328,anantapur,kharif,51,blast
paddy,blacksoil,64,31,82,328,anantapur,kharif,61,sheathrot
paddy,shallowredsoil,62,28,77,328,anantapur,kharif,56,bacterialleafstreak
paddy,blacksoil,66,30,79,328,anantapur,kharif,66,falsesmut
paddy,shallowredsoil,68,32,84,328,anantapur,kharif,71,sheathblight
paddy,shallowredsoil,65,33,76,328,anantapur,kharif,76,bacterialleafblight
paddy,redloams,66,31,90,328,anantapur,kharif,76,bacterialpanicleblight
paddy,clayloam,82,31,85,792,westgodavari,kharif,71,neckblast
paddy,alluvialsoils,80,30,86,720,krishna,kharif,66,neckblast
paddy,redclayloam,78,30,87,713,visakhapatnam,kharif,66,neckblast
paddy,blackcottonsoils,75,29,88,500,guntur,rabi,36,footrot
paddy,blacksoil,70,30,85,455,kurnool,kharif,41,footrot
paddy,redsoil,66,29,82,394,kadapa,rabi,36,footrot
paddy,clayloam,76,28,88,260,krishna,rabi,61,leafscald
paddy,alluvialsoils,78,28,85,450,guntur,rabi,61,leafscald
paddy,redloams,74,30,88,410,chittoor,rabi,61,bacterialpanicleblight
groundnut,redsoils,62,29,75,277,srikakulam,rabi,66,rust
groundnut,redsoils,82,30,88,705,srikakulam,kharif,56,tikkaleafspots
groundnut,redsoils,80,29,86,705,srikakulam,kharif,61,earlyleafspot
groundnut,redsoils,78,31,87,705,srikakulam,kharif,66,lateleafspot
groundnut,redsoils,76,32,85,705,srikakulam,kharif,71,rust
groundnut,redsoils,74,30,83,705,srikakulam,kharif,51,collarrot
groundnut,redsoils,73,31,84,705,srikakulam,kharif,61,rootrot
groundnut,redsoils,72,30,82,705,srikakulam,kharif,66,groundnutbudnecrosisdisease
groundnut,redsoils,71,28,80,705,srikakulam,kharif,56,rosette
groundnut,redsoils,70,29,81,705,srikakulam,kharif,61,stemrot
groundnut,redsoils,69,31,83,705,srikakulam,kharif,66,yellowmould
groundnut,redsoils,68,32,84,705,srikakulam,kharif,71,greymould
groundnut,redsoils,67,30,86,705,srikakulam,kharif,76,bacterialwilt
groundnut,redsoils,66,28,80,705,srikakulam,kharif,51,anthracnose
groundnut,redsoils,65,30,85,705,srikakulam,kharif,61,indianpeanutclumpdisease
groundnut,redsoils,70,27,72,277,srikakulam,rabi,61,tikkaleafspots
groundnut,redsoils,68,28,75,277,srikakulam,rabi,66,earlyleafspot
groundnut,redsoils,66,29,76,277,srikakulam,rabi,71,lateleafspot
groundnut,redsoils,64,30,78,277,srikakulam,rabi,61,collarrot
groundnut,redsoils,63,28,74,277,srikakulam,rabi,56,rootrot
groundnut,redsandyloams,70,29,85,692,vizayanagaram,kharif,66,tikkaleafspots
groundnut,redsandyclayloams,72,30,84,692,vizayanagaram,kharif,61,earlyleafspot
groundnut,redloamysandysoils,71,31,83,692,vizayanagaram,kharif,71,lateleafspot
groundnut,clayloam,69,28,82,692,vizayanagaram,kharif,76,rust
groundnut,redsandyclayloams,68,32,80,692,vizayanagaram,kharif,56,rosette
groundnut,redsandyloams,67,30,78,692,vizayanagaram,kharif,61,budnecrosis
groundnut,sandysoils,65,33,76,692,vizayanagaram,kharif,71,rootrot
groundnut,redloamysandysoils,66,29,75,692,vizayanagaram,kharif,66,collarrot
groundnut,redsandyloams,70,30,77,246,vizayanagaram,rabi,61,tikkaleafspots
groundnut,clay,71,28,80,246,vizayanagaram,rabi,66,lateleafspot
groundnut,redsandyclayloams,72,30,82,246,vizayanagaram,rabi,71,budnecrosis
groundnut,sandysoils,68,31,81,246,vizayanagaram,rabi,56,stemrot
groundnut,redloamysandysoils,70,29,83,246,vizayanagaram,rabi,51,anthracnose
groundnut,redclayloams,70,29,88,713,visakhapatnam,kharif,61,tikkaleafspots
groundnut,redsandyloams,72,30,85,713,visakhapatnam,kharif,66,rust
groundnut,redclayloams,68,31,84,713,visakhapatnam,kharif,71,collarrot
groundnut,redsandyloams,66,32,82,713,visakhapatnam,kharif,76,lateleafspot
groundnut,coastalsandysoils,64,30,80,713,visakhapatnam,kharif,61,groundnutbudnecrosisdisease
groundnut,redclayloams,67,28,87,713,visakhapatnam,kharif,56,earlyleafspot
groundnut,redsandyloams,70,29,86,713,visakhapatnam,kharif,51,rootrot
groundnut,redclayloams,65,31,88,713,visakhapatnam,kharif,66,stemrot
groundnut,redsandyloams,69,30,89,713,visakhapatnam,kharif,61,anthracnose
groundnut,redclayloams,71,30,90,713,visakhapatnam,kharif,71,rosette
groundnut,clayloamysoils,30,28,80,760,eastgodavari,kharif,46,tikkaleafspots
groundnut,redsandyloams,25,27,78,760,eastgodavari,kharif,51,earlyleafspot
groundnut,sandyclayloams,22,29,81,760,eastgodavari,kharif,61,lateleafspot
groundnut,clayloamysoils,32,30,85,760,eastgodavari,kharif,66,rust
groundnut,sandyclayloams,20,25,75,304,eastgodavari,rabi,31,collarrot
groundnut,clayloamysoils,28,24,72,304,eastgodavari,rabi,41,rootrot
groundnut,redsandyloams,24,23,70,304,eastgodavari,rabi,51,groundnutbudnecrosisdisease
groundnut,sandyclayloams,26,26,73,304,eastgodavari,rabi,56,stemrot
groundnut,clayloamysoils,29,25,74,304,eastgodavari,rabi,61,wilt
groundnut,redsandyloams,21,24,71,304,eastgodavari,rabi,41,anthracnose
groundnut,redsandyloams,70,30,85,792,westgodavari,kharif,71,tikkaleafspots
groundnut,redsandyloams,74,31,88,792,westgodavari,kharif,66,earlyleafspot
groundnut,redsandyloams,76,29,90,792,westgodavari,kharif,81,rust
groundnut,clayloams,78,28,92,792,westgodavari,kharif,86,collarrot
groundnut,clayloams,75,27,88,792,westgodavari,kharif,91,groundnutbudnecrosisdisease
groundnut,deltaicalluvial,72,30,87,792,westgodavari,kharif,71,rosette
groundnut,sandyalluvial,68,32,80,792,westgodavari,kharif,61,tikkaleafspots
groundnut,clayloams,73,28,85,239,westgodavari,rabi,61,lateleafspot
groundnut,redsandyloams,71,26,80,239,westgodavari,rabi,76,collarrot
groundnut,redsandyloams,69,27,78,239,westgodavari,rabi,71,rust
groundnut,clayloams,75,25,82,239,westgodavari,rabi,66,stemrot
groundnut,deltaicalluvial,74,25,85,239,westgodavari,rabi,61,tikkaleafspots
groundnut,redsandyloams,70,28,84,239,westgodavari,rabi,86,groundnutbudnecrosisdisease
groundnut,blackcottonsoils,74,29,88,685,krishna,kharif,71,tikkaleafspots
groundnut,blackcottonsoils,76,30,90,685,krishna,kharif,66,rust
groundnut,redloams,72,28,85,685,krishna,kharif,61,collarrot
groundnut,sandyclayloams,70,27,82,685,krishna,kharif,71,earlyleafspot
groundnut,redloams,73,29,87,685,krishna,kharif,76,groundnutbudnecrosisdisease
groundnut,sandyclayloams,71,30,86,685,krishna,kharif,69,rosette
groundnut,blackcottonsoils,76,26,80,250,krishna,rabi,71,lateleafspot
groundnut,blackcottonsoils,75,25,82,250,krishna,rabi,66,collarrot
groundnut,redloams,74,27,81,250,krishna,rabi,61,tikkaleafspots
groundnut,sandyclayloams,72,26,83,250,krishna,rabi,71,stemrot
groundnut,redloams,70,28,85,250,krishna,rabi,73,groundnutbudnecrosisdisease
groundnut,shallowredsoils,70,30,85,388,prakasam,kharif,71,tikkaleafspots
groundnut,deepblackcottonsoils,68,29,82,388,prakasam,kharif,61,collarrot
groundnut,shallowredsoils,72,28,84,393,prakasam,rabi,76,rust
groundnut,deepblackcottonsoils,66,30,78,393,prakasam,rabi,81,rosette
groundnut,sandyloamysoils,70,32,80,393,prakasam,rabi,66,groundnutbudnecrosisdisease
groundnut,redloams,69,30,81,388,prakasam,kharif,69,earlyleafspot
groundnut,blackcottonsoils,67,31,83,393,prakasam,rabi,73,lateleafspot
groundnut,sandyloamysoils,65,31,79,393,prakasam,rabi,71,stemrot
groundnut,redloams,68,29,88,438,chittoor,kharif,61,earlyleafspot
groundnut,redloams,72,30,91,438,chittoor,kharif,71,tikkadisease
groundnut,redsandy,66,31,85,438,chittoor,kharif,66,collarrot
groundnut,redloams,60,28,80,396,chittoor,rabi,56,rosette
groundnut,redloams,62,27,83,396,chittoor,rabi,61,budnecrosis
groundnut,sandyclayloams,64,28,82,396,chittoor,rabi,66,leafspot
groundnut,redsoils,60,29,78,665,nellore,kharif,31,nomajordisease
groundnut,redsoils,60,29,78,665,nellore,kharif,66,stemrot
groundnut,blackcottonsoils,80,30,90,665,nellore,rabi,66,rootrot
groundnut,coastalsandysoils,60,32,85,665,nellore,kharif,51,collarrot
groundnut,redsoils,70,31,88,665,nellore,rabi,71,tikkaleafspot
groundnut,redsoils,68,30,88,665,nellore,kharif,61,rust
groundnut,blackcottonsoils,80,33,78,665,nellore,kharif,41,budnecrosisvirus
groundnut,blacksoils,65,30,85,394,kadapa,kharif,71,tikkaleafspot
groundnut,redsoils,60,31,80,394,kadapa,kharif,66,rust
groundnut,sandsalinesoils,45,32,70,394,kadapa,kharif,61,collarrot
groundnut,redsoils,55,29,78,251,kadapa,rabi,76,lateleafspot
groundnut,blacksoils,62,28,82,251,kadapa,rabi,61,earlyleafspot
groundnut,redsoils,52,27,70,48,kadapa,suer,46,rootrot
groundnut,sandsalinesoils,40,33,65,48,kadapa,suer,51,dryrootrot
groundnut,blacksoils,68,30,88,700,kadapa,kharif,81,rust
groundnut,redsoils,68,33,70,328,anantapur,kharif,61,earlyleafspot
groundnut,blacksoils,65,34,68,328,anantapur,kharif,76,lateleafspot
groundnut,redsoils,58,32,60,154,anantapur,rabi,51,rust
groundnut,redsoils,60,33,55,328,anantapur,kharif,36,collarrot
groundnut,blacksoils,70,34,65,328,anantapur,kharif,66,rootrot
groundnut,sandysoils,50,31,55,154,anantapur,rabi,46,rust
groundnut,redsoils,72,33,72,328,anantapur,kharif,71,dryrootrot
groundnut,blacksoils,60,34,66,328,anantapur,rabi,61,leafspot
groundnut,redsoils,55,32,60,328,anantapur,kharif,41,rust
groundnut,sandysoils,45,30,50,154,anantapur,rabi,36,collarrot
groundnut,blacksoils,65,30,85,455,kurnool,kharif,66,leafspot
groundnut,redsoils,60,31,82,440,kurnool,kharif,61,collarrot
groundnut,blacksoils,70,29,87,455,kurnool,kharif,71,rust
groundnut,redsoils,55,32,80,420,kurnool,kharif,56,stemrot
groundnut,blacksoils,45,26,70,149,kurnool,rabi,61,tikkaleafspot
groundnut,redsoils,50,27,72,140,kurnool,rabi,59,rootrot
groundnut,blacksoils,42,25,68,130,kurnool,rabi,56,collarrot
groundnut,redsoils,48,26,66,135,kurnool,rabi,53,rust
sunflower,blacksoil,42,31,66,455,kurnool,kharif,81,rust
sunflower,redsoil,39,30,63,149,kurnool,rabi,96,alternarialeafspot
sunflower,clayloam,43,36,68,55,kurnool,suer,66,powderymildew
cotton,blacksoil,48,33,72,455,kurnool,kharif,121,leafcurlvirus
cotton,loamysoil,50,35,74,455,kurnool,kharif,111,bacterialblight
redgram,redsoil,34,30,60,455,kurnool,kharif,86,sterilitymosaicvirus
redgram,blacksoil,36,31,64,149,kurnool,rabi,101,wilt
maize,blacksoil,45,32,70,455,kurnool,kharif,91,leafblight
maize,redsoil,43,31,66,149,kurnool,rabi,96,turcicumleafblight
castor,redsoil,38,35,66,455,kurnool,kharif,71,alternariablight
castor,loamysoil,40,32,68,149,kurnool,rabi,76,cercosporaleafspot
sorghum,blacksoil,46,33,70,455,kurnool,kharif,73,anthracnose
sorghum,redsoil,43,31,64,149,kurnool,rabi,79,zonateleafspot
greengram,redsoil,39,31,66,455,kurnool,kharif,61,yellowmosaicvirus
greengram,sandyloam,35,29,63,149,kurnool,rabi,63,cercosporaleafspot
bengalgram,blacksoil,36,27,60,149,kurnool,rabi,99,collarrot
bengalgram,clayloam,33,25,55,149,kurnool,rabi,106,ascochytablight
bajra,sandysoil,40,37,70,55,kurnool,suer,53,downymildew
bajra,redsandyloam,38,36,68,55,kurnool,suer,57,smut
sunflower,blacksoil,40,30,65,455,kurnool,kharif,76,rust
sunflower,redsoil,36,32,62,149,kurnool,rabi,93,alternarialeafspot
sunflower,clayloam,43,36,68,55,kurnool,suer,61,powderymildew
cotton,blacksoil,46,33,73,455,kurnool,kharif,116,leafcurlvirus
cotton,loamysoil,48,34,75,455,kurnool,kharif,111,myrotheciumleafspot
redgram,blacksoil,35,30,64,455,kurnool,kharif,86,sterilitymosaicvirus
redgram,redsoil,33,29,60,149,kurnool,rabi,101,wilt
redgram,loamysoil,32,28,58,149,kurnool,rabi,106,dryrootrot
redgram,redsandyloam,34,30,61,455,kurnool,kharif,91,phyllody
maize,blacksoil,45,32,68,455,kurnool,kharif,89,polysorarust
maize,redsoil,43,30,65,149,kurnool,rabi,96,turcicumleafblight
maize,claysoil,44,34,72,455,kurnool,kharif,91,charcoalrot
castor,redsoil,38,34,66,455,kurnool,kharif,73,alternariablight
castor,blacksoil,40,32,68,149,kurnool,rabi,79,cercosporaleafspot
sorghum,blacksoil,45,33,72,455,kurnool,kharif,71,anthracnose
sorghum,redsandyloam,42,31,68,149,kurnool,rabi,79,zonateleafspot
sorghum,redsoil,43,32,70,455,kurnool,kharif,73,smut
greengram,sandyloam,38,31,66,455,kurnool,kharif,61,yellowmosaicvirus
greengram,redsoil,35,28,60,149,kurnool,rabi,66,anthracnose
bengalgram,blacksoil,36,26,58,149,kurnool,rabi,101,collarrot
bengalgram,clayloam,34,25,55,149,kurnool,rabi,106,ascochytablight
bajra,sandysoil,40,37,70,55,kurnool,suer,53,downymildew
bajra,redsandyloam,38,36,68,55,kurnool,suer,59,smut
sunflower,shallowredsoil,35,32,55,328,ananthapur,kharif,61,rootrot
sunflower,shallowredsoil,40,34,60,154,ananthapur,rabi,76,rust
sunflower,blacksoil,45,36,65,74,ananthapur,suer,46,headrot
sunflower,shallowredsoil,38,33,58,300,ananthapur,kharif,81,leafblight
sunflower,blacksoil,42,35,62,350,ananthapur,rabi,71,powderymildew
bengalgram,blacksoil,30,28,50,154,ananthapur,rabi,101,ascochytablight
bengalgram,shallowredsoil,33,26,52,120,ananthapur,rabi,111,wilt
bengalgram,blacksoil,36,25,55,120,ananthapur,rabi,96,stuntdisease
bengalgram,shallowredsoil,28,27,48,100,ananthapur,rabi,106,collarrot
bengalgram,blacksoil,40,24,60,130,ananthapur,rabi,116,footrot
sorghum,shallowredsoil,42,34,65,328,ananthapur,kharif,66,downymildew
sorghum,blacksoil,45,36,70,154,ananthapur,rabi,81,leafblight
sorghum,shallowredsoil,38,35,62,300,ananthapur,kharif,71,anthracnose
sorghum,blacksoil,50,33,75,350,ananthapur,rabi,91,grainsmut
sorghum,shallowredsoil,43,32,68,400,ananthapur,kharif,76,ergot
redgram,shallowredsoil,35,33,60,328,ananthapur,kharif,86,wilt
redgram,blacksoil,32,30,55,154,ananthapur,rabi,101,dryrootrot
redgram,shallowredsoil,40,31,65,300,ananthapur,kharif,91,sterilitymosaic
redgram,blacksoil,37,29,58,350,ananthapur,rabi,111,powderymildew
redgram,shallowredsoil,45,32,70,400,ananthapur,kharif,96,stemblight
cotton,blacksoil,50,36,75,328,ananthapur,kharif,121,leafcurlvirus
cotton,shallowredsoil,48,38,72,154,ananthapur,rabi,91,bollrot
cotton,blacksoil,52,37,78,300,ananthapur,kharif,111,verticilliumwilt
cotton,shallowredsoil,47,35,70,350,ananthapur,kharif,101,greymildew
cotton,blacksoil,45,34,76,400,ananthapur,kharif,106,bacterialblight
ragi,shallowredsoil,55,30,80,328,ananthapur,kharif,51,blast
ragi,blacksoil,52,28,78,154,ananthapur,rabi,71,mosaic
ragi,shallowredsoil,58,32,85,300,ananthapur,kharif,61,mottlestreak
maize,shallowredsoil,40,32,60,328,ananthapur,kharif,81,downymildew
maize,blacksoil,42,33,65,350,ananthapur,kharif,86,sorghumdownymildew
maize,shallowredsoil,38,31,58,300,ananthapur,kharif,76,philippinedownymildew
maize,blacksoil,45,35,68,320,ananthapur,kharif,91,crazytop
maize,shallowredsoil,43,30,70,328,ananthapur,kharif,79,leafblight
maize,blacksoil,44,34,72,310,ananthapur,kharif,89,rust
maize,shallowredsoil,41,32,65,340,ananthapur,kharif,83,headsmut
maize,blacksoil,46,36,73,330,ananthapur,kharif,96,charcoalrot
maize,shallowredsoil,39,31,64,154,ananthapur,rabi,101,bacterialstalkrot
maize,blacksoil,36,28,60,150,ananthapur,rabi,106,mosaic
maize,shallowredsoil,35,29,58,130,ananthapur,rabi,99,brownspot
redgram,redloams,35,32,60,438,chittoor,kharif,86,wilt
redgram,redsandy,32,31,58,420,chittoor,kharif,91,dryrootrot
redgram,redclay,38,30,65,400,chittoor,kharif,96,powderymildew
redgram,redloams,36,33,62,430,chittoor,kharif,89,leafspot
redgram,redsandy,40,34,68,396,chittoor,rabi,101,sterilitymosaicdisease
redgram,redloams,39,29,63,380,chittoor,rabi,111,stemblight
redgram,redsandy,30,28,55,350,chittoor,rabi,106,brownblotch
redgram,claysoils,41,30,67,390,chittoor,rabi,99,haloblight
redgram,redclay,34,31,60,370,chittoor,rabi,103,anthracnose
redgram,redloams,37,33,65,410,chittoor,kharif,94,seedlingblight
redgram,redsandy,42,32,66,400,chittoor,kharif,88,stemrot
sunflower,redloams,38,32,60,438,chittoor,kharif,76,rootrot
sunflower,redsandy,35,34,63,396,chittoor,rabi,86,rust
sunflower,claysoils,42,36,67,390,chittoor,rabi,66,headrot
sunflower,redclay,40,33,62,420,chittoor,kharif,71,leafblight
sunflower,redsandy,37,30,58,430,chittoor,kharif,81,powderymildew
sunflower,redloams,36,31,60,400,chittoor,kharif,69,basalrot
sunflower,redclay,39,32,61,396,chittoor,rabi,79,necrosis
redgram,redsoil,36,32,60,394,kadapa,kharif,86,wilt
redgram,blacksoil,38,31,58,420,kadapa,kharif,96,dryrootrot
redgram,redsoil,42,30,65,430,kadapa,kharif,101,powderymildew
redgram,blacksoil,40,29,68,450,kadapa,kharif,106,stemblight
redgram,redsoil,35,28,55,370,kadapa,kharif,91,sterilitymosaicdisease
redgram,redsoil,30,27,52,280,kadapa,kharif,71,leafspot
redgram,blacksoil,33,26,50,310,kadapa,kharif,61,seedlingblight
redgram,redsoil,34,28,53,300,kadapa,kharif,76,brownblotch
redgram,blacksoil,37,30,60,410,kadapa,kharif,81,anthracnose
redgram,redsoil,39,31,63,440,kadapa,kharif,101,haloblight
sunflower,redsoil,38,34,60,394,kadapa,kharif,66,rootrot
sunflower,blacksoil,40,32,58,420,kadapa,kharif,76,leafblight
sunflower,redsoil,36,33,65,380,kadapa,kharif,71,rust
sunflower,blacksoil,42,35,66,400,kadapa,kharif,81,headrot
sunflower,redsoil,44,31,70,430,kadapa,kharif,91,powderymildew
sunflower,redsoil,37,30,62,370,kadapa,kharif,61,basalrot
sunflower,blacksoil,35,29,55,360,kadapa,kharif,51,necrosis
sunflower,redsoil,39,28,54,350,kadapa,kharif,56,rust
sunflower,blacksoil,45,30,68,440,kadapa,kharif,86,leafblight
sunflower,redsoil,43,32,66,450,kadapa,kharif,96,headrot
bengalgram,blacksoil,34,25,58,90,kadapa,rabi,101,ascochytablight
bengalgram,redsoil,30,27,52,110,kadapa,rabi,96,rust
bengalgram,redsoil,28,24,50,130,kadapa,rabi,91,wilt
bengalgram,blacksoil,35,26,60,80,kadapa,rabi,106,stuntdisease
bengalgram,blacksoil,38,25,62,100,kadapa,rabi,111,collarrot
bengalgram,redsoil,40,23,63,120,kadapa,rabi,116,footrot
bengalgram,blacksoil,36,24,55,70,kadapa,rabi,101,stemrot
bengalgram,redsoil,33,26,56,85,kadapa,rabi,91,bacterialleafblight
bengalgram,blacksoil,32,27,54,65,kadapa,rabi,99,beancoonmosaicvirus
cotton,blacksoil,52,36,78,394,kadapa,kharif,116,verticilliumwilt
cotton,redsoil,45,34,72,350,kadapa,kharif,106,bollrot
cotton,blacksoil,48,35,76,400,kadapa,kharif,121,bacterialblight
cotton,redsoil,43,33,70,300,kadapa,kharif,111,greymildew
cotton,blacksoil,50,37,80,394,kadapa,kharif,101,anthracnose
cotton,redsoil,40,32,65,390,kadapa,kharif,99,leafblight
cotton,blacksoil,55,35,75,410,kadapa,kharif,109,leafcurldisease
cotton,redsoil,42,31,68,370,kadapa,kharif,104,sootymould
cotton,blacksoil,47,34,71,384,kadapa,kharif,113,rootrot
cotton,redsoil,46,36,74,398,kadapa,kharif,118,myrotheciumleafspot
cotton,blacksoil,49,33,70,390,kadapa,kharif,100,stenosis
cotton,redsoil,50,32,66,365,kadapa,kharif,108,leafspot
sesamum,blacksoil,45,34,68,394,kadapa,kharif,61,rootrot
sesamum,redsoil,42,33,65,380,kadapa,kharif,51,leafblight
sesamum,blacksoil,48,35,70,410,kadapa,kharif,71,wilt
sesamum,redsoil,40,32,62,360,kadapa,kharif,56,leafspot
sesamum,blacksoil,46,34,66,420,kadapa,kharif,66,powderymildew
sesamum,redsoil,43,33,67,394,kadapa,kharif,61,bacterialleafspot
sesamum,blacksoil,47,35,64,400,kadapa,kharif,76,phyllody
sesamum,redsoil,41,33,63,370,kadapa,kharif,59,stemblight
sesamum,blacksoil,44,32,61,360,kadapa,kharif,63,charcoalrot
sesamum,redsoil,42,34,60,380,kadapa,kharif,51,anthracnose
coriander,blacksoil,38,25,52,30,kadapa,rabi,46,stemgall
coriander,redsoil,35,26,50,28,kadapa,rabi,61,powderymildew
coriander,blacksoil,40,24,55,43,kadapa,rabi,41,fusariumwilt
coriander,redsoil,36,27,48,49,kadapa,rabi,56,alternarialeafblight
coriander,blacksoil,33,28,46,37,kadapa,rabi,51,rootrot
coriander,redsoil,37,26,51,21,kadapa,rabi,66,bacterialleafspot
coriander,redsoil,32,25,44,26,kadapa,rabi,31,cercosporaleafspot
coriander,blacksoil,34,26,47,18,kadapa,rabi,26,anthracnose
coriander,redsoil,39,27,53,39,kadapa,rabi,21,dampingoff
coriander,blacksoil,35,28,49,30,kadapa,rabi,16,seedrot
blackgram,redsoil,55,26,80,88,nellore,rabi,36,yellowmosaicdisease
blackgram,coastalsandysoil,50,27,75,72,nellore,rabi,41,powderymildew
blackgram,redsoil,65,25,85,110,nellore,rabi,51,leafcrinkledisease
blackgram,coastalsandysoil,48,28,78,95,nellore,rabi,61,rust
blackgram,redsoil,58,26,82,92,nellore,rabi,56,anthracnose
blackgram,coastalsandysoil,52,27,76,80,nellore,rabi,46,leafspot
blackgram,redsoil,60,25,83,105,nellore,rabi,66,dryrootrot
blackgram,redsoil,57,26,81,97,nellore,rabi,31,leafcurlnecrosis
blackgram,coastalsandysoil,53,27,77,85,nellore,rabi,39,ascochytaleafspot
blackgram,redsoil,59,26,80,90,nellore,rabi,43,bacterialblight
bengalgram,redsoil,50,26,78,90,nellore,rabi,41,ascochytablight
bengalgram,coastalsandysoil,47,25,80,82,nellore,rabi,46,collarrot
bengalgram,redsoil,60,24,84,98,nellore,rabi,56,rust
bengalgram,redsoil,65,23,85,105,nellore,rabi,66,wilt
bengalgram,coastalsandysoil,53,26,76,86,nellore,rabi,36,stuntdisease
bengalgram,redsoil,58,25,79,88,nellore,rabi,51,footrot
bengalgram,redsoil,62,24,82,100,nellore,rabi,59,stemrot
bengalgram,coastalsandysoil,51,25,77,84,nellore,rabi,44,bacterialleafblight
bengalgram,redsoil,55,27,75,78,nellore,rabi,39,beancoonmosaicvirus
bengalgram,redsoil,59,26,81,92,nellore,rabi,61,ascochytablight
sunflower,redsoil,58,27,82,92,nellore,rabi,41,leafblight
sunflower,coastalsandysoil,52,28,78,85,nellore,rabi,46,rootrotorcharcoalrot
sunflower,redsoil,60,26,83,99,nellore,rabi,56,rust
sunflower,redsoil,61,25,84,103,nellore,rabi,51,powderymildew
sunflower,coastalsandysoil,50,29,75,87,nellore,rabi,61,headrot
sunflower,redsoil,63,24,85,108,nellore,rabi,66,basalrot
sunflower,redsoil,56,26,80,91,nellore,rabi,43,necrosis
sunflower,coastalsandysoil,53,27,77,82,nellore,rabi,39,leafblight
sunflower,redsoil,59,25,81,95,nellore,rabi,48,rust
sunflower,coastalsandysoil,51,28,76,89,nellore,rabi,37,rootrotorcharcoalrot
tobacco,redsoil,55,26,80,92,nellore,rabi,29,dampingoff
tobacco,coastalsandysoil,50,27,75,85,nellore,rabi,36,blackshank
tobacco,redsoil,60,25,84,98,nellore,rabi,41,frogeyespot
tobacco,redsoil,58,26,82,95,nellore,rabi,51,powderymildew
tobacco,coastalsandysoil,53,27,78,88,nellore,rabi,46,brownspot
tobacco,redsoil,61,24,85,102,nellore,rabi,56,anthracnose
tobacco,redsoil,56,25,81,91,nellore,rabi,39,wildfire
tobacco,coastalsandysoil,52,26,77,83,nellore,rabi,31,tobaccomosaic
tobacco,redsoil,59,25,83,96,nellore,rabi,43,leafcurl
tobacco,redsoil,62,24,84,100,nellore,rabi,61,broomrape
cotton,redsoil,56,27,80,90,nellore,rabi,41,leafcurldisease
cotton,coastalsandysoil,52,28,78,84,nellore,rabi,39,bacterialblight
cotton,redsoil,60,26,82,95,nellore,rabi,51,bollrot
cotton,redsoil,62,25,85,102,nellore,rabi,59,verticilliumwilt
cotton,coastalsandysoil,53,29,75,86,nellore,rabi,43,greyorareolatemildew
cotton,redsoil,61,25,83,98,nellore,rabi,46,anthracnose
cotton,coastalsandysoil,50,27,77,88,nellore,rabi,37,leafspot
cotton,redsoil,59,26,79,91,nellore,rabi,61,rust
cotton,redsoil,63,25,84,100,nellore,rabi,71,myrotheciumleafspot
cotton,redsoil,58,27,80,93,nellore,rabi,66,stenosisorsmallleaf
sesamum,redsoil,55,27,80,90,nellore,rabi,41,leafblight
sesamum,coastalsandysoil,52,28,78,84,nellore,rabi,39,rootrot
sesamum,redsoil,60,26,82,95,nellore,rabi,51,phyllody
sesamum,redsoil,62,25,85,102,nellore,rabi,56,bacterialleafspot
sesamum,coastalsandysoil,53,29,75,86,nellore,rabi,43,leafspot
sesamum,redsoil,61,25,83,98,nellore,rabi,46,powderymildew
sesamum,coastalsandysoil,50,27,77,88,nellore,rabi,37,stemblight
sesamum,redsoil,59,26,79,91,nellore,rabi,61,wilt
sesamum,redsoil,63,25,84,100,nellore,rabi,66,bacterialleafspot
sesamum,redsoil,58,27,80,93,nellore,rabi,49,anthracnose
greengram,redsoil,56,27,80,92,nellore,rabi,39,powderymildew
greengram,coastalsandysoil,53,28,78,88,nellore,rabi,41,anthracnose
greengram,redsoil,60,26,82,95,nellore,rabi,46,yellowmosaicdisease
greengram,redsoil,61,25,84,102,nellore,rabi,51,leafcrinkledisease
greengram,coastalsandysoil,52,29,75,86,nellore,rabi,36,leafspot
greengram,redsoil,63,25,83,98,nellore,rabi,56,rust
greengram,redsoil,58,27,80,93,nellore,rabi,61,dryrootrot
greengram,redsoil,59,26,79,91,nellore,rabi,43,leafcurlnecrosis
greengram,redsoil,54,27,81,90,nellore,rabi,37,ascochytaleafspot
greengram,coastalsandysoil,55,28,78,85,nellore,rabi,49,bacterialblight
maize,redsoil,58,27,80,95,nellore,rabi,41,downymildew
maize,coastalsandysoil,54,28,78,90,nellore,rabi,39,sorghumdownymildew
maize,redsoil,61,26,83,98,nellore,rabi,46,philippinedownymildew
maize,coastalsandysoil,53,29,77,88,nellore,rabi,37,crazytop
maize,redsoil,60,25,85,100,nellore,rabi,51,leafblight
maize,redsoil,57,27,81,92,nellore,rabi,56,rust
maize,redsoil,59,26,82,94,nellore,rabi,61,headsmut
maize,coastalsandysoil,55,28,79,89,nellore,rabi,43,charcoalrot
maize,redsoil,62,25,84,101,nellore,rabi,49,bacterialstalkrot
maize,redsoil,56,27,80,93,nellore,rabi,36,mosaic
maize,coastalsandysoil,53,28,78,86,nellore,rabi,45,brownspot
mesta,redsoil,58,30,78,102,srikakulam,kharif,41,aphid
mesta,brownforestsoil,54,31,75,96,srikakulam,kharif,51,greensemilooper
mesta,redsoil,60,30,80,104,srikakulam,kharif,56,mealybug
mesta,alluvialsoil,52,29,72,99,srikakulam,kharif,49,jassid
mesta,redsoil,63,30,82,105,srikakulam,kharif,61,footandstemrot
mesta,blacksoil,61,29,79,98,srikakulam,kharif,59,leafblight
mesta,sandysoil,50,32,70,93,srikakulam,kharif,63,yellowveinmosaicvirus
greengram,redsoil,55,31,80,102,srikakulam,kharif,43,powderymildew
greengram,brownforestsoil,50,30,78,95,srikakulam,kharif,39,anthracnose
greengram,sandysoil,45,32,75,90,srikakulam,kharif,36,rust
greengram,redsoil,60,30,82,104,srikakulam,kharif,51,yellowmosaicdisease
greengram,alluvialsoil,52,29,77,97,srikakulam,kharif,46,leafspot
greengram,blacksoil,58,31,81,99,srikakulam,kharif,49,leafcrinkledisease
greengram,redsoil,62,30,83,101,srikakulam,kharif,56,dryrootrot
greengram,sandysoil,47,32,72,88,srikakulam,kharif,34,leafcurl
greengram,alluvialsoil,50,26,66,72,srikakulam,rabi,41,ascochytaleafspot
greengram,redsoil,53,27,64,76,srikakulam,rabi,43,bacterialblight
blackgram,redsoil,58,30,80,98,srikakulam,kharif,43,powderymildew
blackgram,brownforestsoil,52,29,78,94,srikakulam,kharif,39,anthracnose
blackgram,sandysoil,45,31,76,91,srikakulam,kharif,36,rust
blackgram,redsoil,60,30,82,100,srikakulam,kharif,49,yellowmosaicdisease
blackgram,blacksoil,63,31,85,105,srikakulam,kharif,56,leafcrinkledisease
blackgram,alluvialsoil,50,28,74,92,srikakulam,kharif,45,leafspot
blackgram,redsoil,59,30,83,103,srikakulam,kharif,51,dryrootrot
blackgram,sandysoil,46,32,72,89,srikakulam,kharif,34,leafcurl
blackgram,alluvialsoil,50,26,65,74,srikakulam,rabi,42,ascochytaleafspot
blackgram,redsoil,53,27,63,78,srikakulam,rabi,44,bacterialblight
horsegram,redsoil,48,29,70,84,srikakulam,rabi,41,leafspot
horsegram,brownforestsoil,45,27,68,76,srikakulam,rabi,43,powderymildew
horsegram,sandysoil,38,30,65,70,srikakulam,rabi,39,rust
horsegram,redsoil,51,28,72,85,srikakulam,rabi,46,anthracnose
horsegram,redsoil,52,29,69,88,srikakulam,rabi,51,yellowmosaicdisease
horsegram,sandysoil,40,30,60,68,srikakulam,rabi,36,leafcurl
horsegram,brownforestsoil,46,27,66,72,srikakulam,rabi,42,cercosporaleafspot
horsegram,redsoil,49,28,67,78,srikakulam,rabi,49,collarrot
mesta,redsandyloam,58,30,80,110,vizayanagaram,kharif,46,leafspot
mesta,sandysoil,48,31,78,104,vizayanagaram,kharif,41,stemrot
mesta,clayloam,62,29,82,116,vizayanagaram,kharif,51,anthracnose
mesta,redsandyclayloam,60,28,85,120,vizayanagaram,kharif,43,fusariumwilt
mesta,redloamysandysoils,54,30,78,102,vizayanagaram,kharif,39,yellowveinmosaicvirus
mesta,redsandyloam,59,30,79,108,vizayanagaram,kharif,47,bacterialblight
mesta,clayloam,65,27,88,122,vizayanagaram,kharif,50,rootrot
mesta,sandysoil,50,31,76,98,vizayanagaram,kharif,45,collarrot
greengram,redsandyloam,56,30,82,110,vizayanagaram,rabi,41,powderymildew
greengram,clayloam,60,28,84,115,vizayanagaram,rabi,43,anthracnose
greengram,redsandyclayloam,58,29,80,106,vizayanagaram,rabi,42,leafspot
greengram,redsandyloam,52,31,77,98,vizayanagaram,rabi,46,rust
greengram,redloamysandysoil,46,32,72,90,vizayanagaram,rabi,40,dryrootrot
greengram,redsandyclayloam,53,30,78,102,vizayanagaram,rabi,45,yellowmosaicdisease
greengram,clayloam,61,27,85,117,vizayanagaram,rabi,48,leafcrinkledisease
greengram,sandysoil,50,31,75,95,vizayanagaram,rabi,44,leafcurl
greengram,redsandyloam,55,29,82,108,vizayanagaram,rabi,47,ascochytaleafspot
greengram,clayloam,63,27,88,120,vizayanagaram,rabi,49,bacterialblight
blackgram,redsandyloam,54,29,81,105,vizayanagaram,rabi,42,powderymildew
blackgram,clayloam,61,28,85,118,vizayanagaram,rabi,44,anthracnose
blackgram,redsandyclayloam,58,30,80,112,vizayanagaram,rabi,41,leafspot
blackgram,redsandyloam,52,31,76,95,vizayanagaram,rabi,46,rust
blackgram,sandysoil,47,32,70,90,vizayanagaram,rabi,40,dryrootrot
blackgram,redsandyclayloam,55,30,78,102,vizayanagaram,rabi,45,yellowmosaicdisease
blackgram,clayloam,62,27,86,120,vizayanagaram,rabi,48,leafcrinkledisease
blackgram,sandysoil,49,31,74,93,vizayanagaram,rabi,43,leafcurl
blackgram,redsandyloam,56,29,83,109,vizayanagaram,rabi,47,ascochytaleafspot
blackgram,clayloam,64,27,88,121,vizayanagaram,rabi,49,bacterialblight
sesamum,redsandyloam,51,30,82,108,vizayanagaram,kharif,43,rootrot
sesamum,clayloam,62,28,84,116,vizayanagaram,kharif,46,leafblight
sesamum,redsandyclayloam,56,29,79,103,vizayanagaram,kharif,42,leafspot
sesamum,sandysoil,48,32,72,92,vizayanagaram,kharif,45,wilt
sesamum,redsandyloam,54,30,81,106,vizayanagaram,kharif,40,stemblight
sesamum,clayloam,63,27,86,119,vizayanagaram,kharif,48,powderymildew
sesamum,redsandyclayloam,58,28,83,111,vizayanagaram,kharif,47,bacterialleafspot
sesamum,sandysoil,49,31,75,94,vizayanagaram,kharif,44,phyllody
sesamum,clayloam,64,27,88,121,vizayanagaram,kharif,49,bacterialleafspot
sesamum,redsandyloam,53,29,80,105,vizayanagaram,kharif,41,anthracnose
maize,redsandyloam,58,30,82,108,vizayanagaram,kharif,43,downymildew
maize,redsandyclayloam,56,31,78,112,vizayanagaram,kharif,45,sorghumdownymildew
maize,sandysoil,50,32,76,99,vizayanagaram,kharif,42,philippinedownymildew
maize,clayloam,64,29,85,126,vizayanagaram,kharif,48,crazytop
maize,redsandyloam,61,30,83,117,vizayanagaram,kharif,46,leafblight
maize,clayloam,66,28,87,121,vizayanagaram,kharif,47,rust
maize,sandysoil,53,33,74,102,vizayanagaram,kharif,40,headsmut
maize,redsandyloam,59,31,81,109,vizayanagaram,kharif,44,charcoalrot
maize,clayloam,65,29,86,124,vizayanagaram,kharif,49,bacterialstalkrot
maize,redsandyclayloam,57,30,79,110,vizayanagaram,kharif,43,mosaic
maize,redsandyloam,60,30,82,113,vizayanagaram,kharif,45,brownspot
cotton,redsandyloam,58,31,83,112,vizayanagaram,kharif,43,fusariumwilt
cotton,clayloam,62,29,86,118,vizayanagaram,kharif,47,verticilliumwilt
cotton,redsandyclayloam,55,30,80,109,vizayanagaram,kharif,40,rootrot
cotton,redsandyloam,60,30,82,115,vizayanagaram,kharif,42,anthracnose
cotton,clayloam,64,28,87,124,vizayanagaram,kharif,46,greymildew
cotton,sandysoil,52,32,75,96,vizayanagaram,kharif,39,bollrot
cotton,redsandyloam,59,30,84,111,vizayanagaram,kharif,41,leafblight
cotton,clayloam,65,29,88,127,vizayanagaram,kharif,45,bacterialblight
cotton,redsandyclayloam,57,30,79,105,vizayanagaram,kharif,44,cottonleafcurldisease
cotton,redsandyloam,61,31,81,110,vizayanagaram,kharif,43,stenosis
cotton,redsandyloam,58,30,80,108,vizayanagaram,kharif,41,leafspot
cotton,redsandyloam,60,30,84,114,vizayanagaram,kharif,44,myrotheciumleafspot
cotton,redsandyloam,56,31,78,102,vizayanagaram,kharif,42,rust
cotton,clayloam,66,28,85,125,vizayanagaram,kharif,47,sootymould
ragi,redsandyloam,56,30,82,108,vizayanagaram,kharif,41,blast
ragi,clayloam,61,29,86,116,vizayanagaram,kharif,45,leafspot
ragi,redsandyclayloam,59,31,80,104,vizayanagaram,kharif,43,brownspot
ragi,redsandyloam,54,30,79,102,vizayanagaram,kharif,40,rust
ragi,clayloam,63,29,85,122,vizayanagaram,kharif,44,footrot
ragi,redsandyloam,57,30,84,110,vizayanagaram,kharif,42,seedlingblight
ragi,clayloam,64,28,88,126,vizayanagaram,kharif,46,bacterialleafstreak
ragi,redsandyloam,58,30,80,107,vizayanagaram,kharif,41,mosaic
ragi,redclayloam,57,30,83,110,visakhapatnam,kharif,43,blast
ragi,redsandyloam,54,31,81,105,visakhapatnam,kharif,41,leafspot
ragi,clayloam,60,29,85,120,visakhapatnam,kharif,44,rust
ragi,redclayloam,58,30,84,112,visakhapatnam,kharif,45,brownspot
ragi,redsandyloam,53,31,82,101,visakhapatnam,kharif,40,footrot
ragi,clayloam,61,29,87,125,visakhapatnam,kharif,46,bacterialleafstreak
ragi,redclayloam,56,30,80,108,visakhapatnam,kharif,42,seedlingblight
ragi,redsandyloam,59,30,83,115,visakhapatnam,kharif,43,mosaic
maize,redclayloam,61,30,86,118,visakhapatnam,kharif,36,downymildew
maize,redsandyloam,58,31,84,125,visakhapatnam,kharif,46,sorghumdownymildew
maize,clayloam,64,29,88,132,visakhapatnam,kharif,56,leafblight
maize,redclayloam,60,30,87,120,visakhapatnam,kharif,51,crazytop
maize,redsandyloam,56,32,82,104,visakhapatnam,kharif,43,rust
maize,clayloam,63,28,90,130,visakhapatnam,kharif,61,headsmut
maize,redclayloam,57,31,85,110,visakhapatnam,kharif,59,charcoalrot
maize,redsandyloam,59,33,80,102,visakhapatnam,kharif,54,bacterialstalkrot
maize,clayloam,62,30,88,126,visakhapatnam,kharif,62,mosaic
maize,redclayloam,60,29,84,115,visakhapatnam,kharif,48,brownspot
redgram,redsandyloams,55,27,80,105,visakhapatnam,kharif,74,stemblight
redgram,clayloams,65,27,80,110,visakhapatnam,kharif,56,stemblight
redgram,clayloams,65,29,75,110,visakhapatnam,kharif,67,leafspot
redgram,redsandyloams,65,26,80,95,visakhapatnam,kharif,48,leafspot
redgram,redsandyloams,60,27,85,95,visakhapatnam,kharif,58,brownblotch
redgram,redsandyloams,61,30,73,115,visakhapatnam,kharif,49,seedlingblight
redgram,redclayloams,59,28,74,124,visakhapatnam,kharif,53,anthracnose
redgram,redclayloams,63,27,79,130,visakhapatnam,kharif,56,brownblotch
redgram,clayloam,65,29,81,142,visakhapatnam,kharif,59,stemrot
blackgram,clayloams,65,26,85,95,visakhapatnam,rabi,46,ascochytaleafspot
blackgram,clayloams,55,28,80,110,visakhapatnam,rabi,78,bacterialblight
blackgram,redsandyloams,60,28,80,105,visakhapatnam,rabi,68,leafspot
blackgram,redsandyloams,65,26,85,110,visakhapatnam,rabi,73,anthracnose
blackgram,redclayloams,65,27,75,110,visakhapatnam,rabi,44,ascochytaleafspot
greengram,redclayloams,60,28,80,95,visakhapatnam,rabi,76,powderymildew
greengram,redsandyloams,55,29,85,105,visakhapatnam,rabi,45,anthracnose
greengram,redsandyloams,58,27,80,110,visakhapatnam,rabi,77,leafcurl
greengram,redsandyloams,59,28,75,98,visakhapatnam,rabi,70,ascochytaleafspot
greengram,redclayloams,62,30,78,103,visakhapatnam,rabi,48,leafcrinkledisease
greengram,redsandyloams,57,29,79,100,visakhapatnam,rabi,67,bacterialblight
greengram,redsandyloams,56,27,77,97,visakhapatnam,rabi,59,yellowmosaicdisease
greengram,redclayloams,60,26,82,94,visakhapatnam,rabi,64,rust
greengram,redclayloams,61,28,84,96,visakhapatnam,rabi,61,leafspot
greengram,redsandyloams,54,27,80,99,visakhapatnam,rabi,53,dryrootrot
sesamum,redclayloams,61,25,84,98,visakhapatnam,rabi,51,rootrot
sesamum,redsandyloams,58,24,86,105,visakhapatnam,rabi,46,powderymildew
sesamum,clayloams,64,26,82,112,visakhapatnam,rabi,53,stemrot
sesamum,redclayloams,60,27,81,91,visakhapatnam,rabi,49,bacterialleafspot
sesamum,coastalsandysoils,53,29,75,86,visakhapatnam,rabi,43,leafspot
sesamum,redsandyloams,59,25,84,99,visakhapatnam,rabi,52,leafblight
sesamum,redclayloams,63,28,79,102,visakhapatnam,rabi,56,phyllody
sesamum,clayloams,65,26,80,95,visakhapatnam,rabi,48,wilt
sesamum,redsandyloams,57,24,83,89,visakhapatnam,rabi,41,stemblight
sesamum,redclayloams,60,27,85,106,visakhapatnam,rabi,54,anthracnose
rajmah,redclayloam,62,26,82,98,visakhapatnam,rabi,41,anthracnose
rajmah,redsandyloam,58,27,78,85,visakhapatnam,rabi,46,angularleafspot
rajmah,clayloam,64,25,83,102,visakhapatnam,rabi,51,coonbacterialblight
rajmah,redclayloam,60,24,79,88,visakhapatnam,rabi,39,powderymildew
rajmah,redsandyloam,57,28,75,80,visakhapatnam,rabi,43,rust
rajmah,clayloam,63,25,84,100,visakhapatnam,rabi,54,webblight
rajmah,redclayloam,61,26,81,92,visakhapatnam,rabi,48,rootrot
niger,redclayloam,58,25,78,95,visakhapatnam,rabi,46,alternarialeafspot
niger,sandyloam,62,26,81,110,visakhapatnam,rabi,53,cercosporaleafspot
niger,redclayloam,55,24,80,90,visakhapatnam,rabi,41,powderymildew
niger,redsandyloam,60,27,84,105,visakhapatnam,rabi,49,rust
niger,redclayloam,65,26,85,112,visakhapatnam,rabi,61,rootrot
niger,clayloam,63,25,77,87,visakhapatnam,rabi,51,stemrot
niger,sandyloam,59,28,82,98,visakhapatnam,rabi,56,wilt
niger,redsandyloam,61,27,79,101,visakhapatnam,rabi,48,collarrot
niger,clayloam,57,26,80,92,visakhapatnam,rabi,44,bacterialblight
niger,redclayloam,60,25,76,85,visakhapatnam,rabi,45,leafblight
niger,redclayloam,56,24,79,88,visakhapatnam,rabi,43,downymildew
niger,sandyloam,54,25,81,94,visakhapatnam,rabi,50,anthracnose
niger,redsandyloam,55,26,82,90,visakhapatnam,rabi,47,sootymold
maize,clayloam,65,28,85,180,eastgodavari,kharif,51,downymildew
maize,sandyclayloam,60,30,80,150,eastgodavari,kharif,61,sorghumdownymildew
maize,clayloam,68,27,88,200,eastgodavari,kharif,46,crazytop
maize,redsandyloam,58,29,78,130,eastgodavari,kharif,56,leafblight
maize,clayloam,62,26,83,160,eastgodavari,kharif,71,rust
maize,clayloam,55,31,75,140,eastgodavari,rabi,81,headsmut
maize,sandyclayloam,52,33,70,100,eastgodavari,rabi,66,charcoalrot
maize,clayloam,66,32,88,220,eastgodavari,kharif,51,bacterialstalkrot
maize,redsandyloam,60,29,82,170,eastgodavari,kharif,56,mosaicvirus
maize,sandyclayloam,64,30,84,175,eastgodavari,kharif,61,brownspot
redgram,redsandyloams,58,28,82,97,eastgodavari,kharif,61,wilt
redgram,clayloamysoils,65,30,85,122,eastgodavari,kharif,51,dryrootrot
redgram,sandyclayloams,54,27,80,90,eastgodavari,kharif,46,powderymildew
redgram,redsandyloams,60,29,83,105,eastgodavari,kharif,53,stemblight
redgram,clayloamysoils,67,31,86,130,eastgodavari,kharif,66,leafspot
redgram,sandyclayloams,55,26,79,88,eastgodavari,kharif,41,sterilitymosaicdisease
redgram,redsandyloams,61,29,81,98,eastgodavari,kharif,49,seedlingblight
redgram,clayloamysoils,62,30,84,110,eastgodavari,kharif,59,brownblotch
redgram,sandyclayloams,59,28,82,100,eastgodavari,kharif,54,anthracnose
redgram,redsandyloams,63,29,80,95,eastgodavari,kharif,48,haloblight
greengram,clayloamysoils,62,30,80,105,eastgodavari,rabi,36,yellowmosaicdisease
greengram,sandyclayloams,56,29,78,92,eastgodavari,rabi,31,powderymildew
greengram,redsandyloams,48,33,60,67,eastgodavari,rabi,43,dryrootrot
greengram,clayloamysoils,65,27,85,110,eastgodavari,rabi,51,anthracnose
greengram,redsandyloams,52,28,73,90,eastgodavari,rabi,39,rust
greengram,sandyclayloams,58,31,76,95,eastgodavari,rabi,42,leafspot
greengram,clayloamysoils,60,29,82,108,eastgodavari,rabi,34,leafcrinkledisease
greengram,redsandyloams,50,30,70,84,eastgodavari,rabi,37,bacterialblight
greengram,clayloamysoils,61,28,79,101,eastgodavari,rabi,48,leafcurl
greengram,sandyclayloams,55,27,75,89,eastgodavari,rabi,41,ascochytaleafspot
blackgram,clayloamysoils,60,28,80,98,eastgodavari,rabi,36,yellowmosaicdisease
blackgram,sandyclayloams,54,30,75,87,eastgodavari,rabi,33,powderymildew
blackgram,redsandyloams,49,31,70,70,eastgodavari,rabi,41,dryrootrot
blackgram,clayloamysoils,63,27,85,108,eastgodavari,rabi,49,anthracnose
blackgram,redsandyloams,50,29,72,75,eastgodavari,rabi,38,rust
blackgram,sandyclayloams,55,28,78,82,eastgodavari,rabi,43,leafspot
blackgram,clayloamysoils,62,26,83,103,eastgodavari,rabi,34,leafcrinkledisease
blackgram,redsandyloams,51,29,74,79,eastgodavari,rabi,37,bacterialblight
blackgram,clayloamysoils,59,28,81,96,eastgodavari,rabi,46,leafcurl
blackgram,sandyclayloams,56,27,77,85,eastgodavari,rabi,40,ascochytaleafspot
cotton,blackcottonsoil,50,32,65,760,eastgodavari,kharif,43,wilt
cotton,blackcottonsoil,55,33,60,755,eastgodavari,kharif,50,rootrot
cotton,redsandyloam,45,34,58,740,eastgodavari,kharif,57,anthracnose
cotton,redsandyloam,48,35,60,735,eastgodavari,kharif,50,bacterialblight
cotton,clayloam,60,31,70,770,eastgodavari,kharif,64,bollrot
cotton,coastalalluvialsoil,65,30,75,780,eastgodavari,kharif,71,leafcurldisease
cotton,coastalalluvialsoil,62,29,78,775,eastgodavari,kharif,57,leafblight
cotton,clayloam,55,32,68,765,eastgodavari,kharif,64,greyorareolatemildew
cotton,blackcottonsoil,50,33,63,745,eastgodavari,kharif,43,leafspot
cotton,coastalalluvialsoil,60,31,80,785,eastgodavari,kharif,71,sootymould
cotton,sandyclayloam,48,34,66,750,eastgodavari,kharif,50,myrotheciumleafspot
cotton,redsandyloam,44,35,58,740,eastgodavari,kharif,57,stenosis
jowar,clayloam,60,31,78,760,eastgodavari,kharif,41,downymildew
jowar,sandyclayloam,55,30,75,760,eastgodavari,kharif,46,sorghumdownymildew
jowar,redsandyloam,58,32,70,760,eastgodavari,kharif,51,leafblight
jowar,clayloam,63,29,80,760,eastgodavari,kharif,56,rust
jowar,sandyclayloam,57,31,76,760,eastgodavari,kharif,61,headsmut
jowar,redsandyloam,54,30,72,760,eastgodavari,kharif,66,charcoalrot
jowar,clayloam,59,28,78,760,eastgodavari,kharif,71,bacterialstalkrot
jowar,sandyclayloam,61,30,74,760,eastgodavari,kharif,76,mosaic
jowar,clayloam,62,33,70,760,eastgodavari,kharif,81,crazytop
bajra,sandyclayloam,60,30,75,150,eastgodavari,kharif,31,downymildew
bajra,clayloam,65,31,70,120,eastgodavari,kharif,46,ergot
bajra,sandyclayloam,58,29,80,140,eastgodavari,kharif,41,smut
bajra,clayloam,62,32,78,160,eastgodavari,kharif,56,rust
bajra,sandyclayloam,55,30,70,110,eastgodavari,kharif,36,blast
bajra,clayloam,66,33,76,130,eastgodavari,kharif,61,leafblight
bajra,sandyclayloam,63,31,72,145,eastgodavari,kharif,51,bacterialleafstripe
bajra,clayloam,60,32,73,125,eastgodavari,kharif,66,leafspot
bajra,sandyclayloam,59,30,74,135,eastgodavari,kharif,71,charcoalrot
bajra,clayloam,64,31,79,140,eastgodavari,kharif,76,grainmold
ragi,sandyclayloam,65,30,80,760,eastgodavari,kharif,41,blast
ragi,sandyclayloam,70,29,75,700,eastgodavari,kharif,56,leafspot
ragi,clayloam,75,31,85,800,eastgodavari,kharif,61,fingerheadblast
ragi,clayloam,60,32,70,720,eastgodavari,kharif,46,brownspot
ragi,sandyclayloam,68,30,78,750,eastgodavari,kharif,51,seedlingblight
ragi,clayloam,70,31,82,760,eastgodavari,kharif,76,footrot
ragi,sandyclayloam,65,29,76,780,eastgodavari,kharif,81,sheathrot
ragi,clayloam,72,28,88,800,eastgodavari,kharif,71,leafblight
ragi,clayloam,74,30,85,810,eastgodavari,kharif,91,cercosporaleafspot
ragi,sandyclayloam,60,32,70,700,eastgodavari,kharif,86,helminthosporiumleafspot
minormillet,sandyclayloam,60,30,80,760,eastgodavari,kharif,36,blast
minormillet,redsandyloam,65,31,75,780,eastgodavari,kharif,41,smut
minormillet,sandyclayloam,68,30,78,750,eastgodavari,kharif,51,downymildew
minormillet,redsandyloam,70,29,80,730,eastgodavari,kharif,56,rust
minormillet,sandyclayloam,72,32,85,790,eastgodavari,kharif,61,leafspot
minormillet,redsandyloam,60,30,72,740,eastgodavari,kharif,46,bacterialleafstreak
minormillet,sandyclayloam,64,31,79,770,eastgodavari,kharif,71,helminthosporiumleafspot
minormillet,redsandyloam,66,30,82,760,eastgodavari,kharif,76,seedlingblight
minormillet,sandyclayloam,69,28,81,800,eastgodavari,kharif,81,cercosporaleafspot
minormillet,redsandyloam,67,30,83,795,eastgodavari,kharif,86,headsmut
bengalgram,clayloam,55,24,70,120,eastgodavari,rabi,26,fusariumwilt
bengalgram,sandyclayloam,60,25,68,100,eastgodavari,rabi,31,dryrootrot
bengalgram,clayloam,62,23,75,110,eastgodavari,rabi,36,collarrot
bengalgram,sandyclayloam,58,26,65,90,eastgodavari,rabi,41,ascochytablight
bengalgram,clayloam,60,24,72,115,eastgodavari,rabi,46,botrytisgraymold
bengalgram,sandyclayloam,63,22,70,95,eastgodavari,rabi,51,alternariablight
bengalgram,clayloam,59,25,68,100,eastgodavari,rabi,56,powderymildew
bengalgram,sandyclayloam,61,27,66,110,eastgodavari,rabi,61,anthracnose
bengalgram,clayloam,57,23,69,105,eastgodavari,rabi,66,leafspot
bengalgram,sandyclayloam,60,24,70,100,eastgodavari,rabi,71,bacterialblight
sesamum,clayloam,55,27,70,110,eastgodavari,rabi,21,rootrot
sesamum,sandyclayloam,50,28,68,95,eastgodavari,rabi,26,stemrot
sesamum,clayloam,57,30,72,105,eastgodavari,rabi,31,leafblight
sesamum,sandyclayloam,54,26,65,100,eastgodavari,rabi,36,leafspot
sesamum,clayloam,58,29,70,120,eastgodavari,rabi,41,wilt
sesamum,sandyclayloam,56,31,66,110,eastgodavari,rabi,46,stemblight
sesamum,clayloam,53,32,68,115,eastgodavari,rabi,51,powderymildew
sesamum,sandyclayloam,52,30,70,105,eastgodavari,rabi,56,bacterialleafspot
sesamum,clayloam,55,31,69,100,eastgodavari,rabi,61,phyllody
sesamum,sandyclayloam,50,28,67,95,eastgodavari,rabi,66,anthracnose
turmeric,clayloam,65,28,85,900,eastgodavari,kharif,61,leafspot
turmeric,sandyclayloam,60,30,88,950,eastgodavari,kharif,91,leafblotch
turmeric,clayloam,70,32,90,1050,eastgodavari,kharif,121,rhizomerot
turmeric,sandyclayloam,63,31,80,980,eastgodavari,kharif,151,bacterialleafspot
turmeric,clayloam,68,29,84,1000,eastgodavari,kharif,181,fusariumwilt
turmeric,sandyclayloam,64,30,86,1100,eastgodavari,kharif,211,anthracnose
turmeric,clayloam,67,28,83,950,eastgodavari,kharif,241,colletotrichumleafspot
turmeric,sandyclayloam,62,30,82,900,eastgodavari,kharif,271,leafblotch
turmeric,clayloam,66,31,85,1000,eastgodavari,kharif,301,rhizomerot
tobacco,sandyloam,50,24,70,950,eastgodavari,rabi,31,dampingoff
tobacco,sandyclayloam,52,26,65,1000,eastgodavari,rabi,46,frogeyeleafspot
tobacco,sandyloam,55,28,72,1100,eastgodavari,rabi,61,brownspot
tobacco,sandyclayloam,50,25,68,1020,eastgodavari,rabi,76,mosaicvirus
tobacco,sandyloam,53,27,75,1080,eastgodavari,rabi,91,blackshank
tobacco,sandyclayloam,50,29,80,1050,eastgodavari,rabi,101,leafcurlvirus
tobacco,sandyloam,48,26,66,990,eastgodavari,rabi,111,bacterialwilt
tobacco,sandyloam,47,24,64,970,eastgodavari,rabi,121,tobaccostreakvirus
sunflower,sandyloam,48,24,60,980,eastgodavari,rabi,26,downymildew
sunflower,clayloam,52,26,65,1020,eastgodavari,rabi,41,alternarialeafspot
sunflower,sandyloam,50,27,70,1100,eastgodavari,rabi,56,powderymildew
sunflower,clayloam,54,29,68,1050,eastgodavari,rabi,71,charcoalrot
sunflower,sandyloam,49,28,72,1080,eastgodavari,rabi,86,rust
sunflower,clayloam,51,30,75,1120,eastgodavari,rabi,96,headrot
sunflower,sandyloam,46,23,58,970,eastgodavari,rabi,106,stemrot
sunflower,clayloam,47,25,60,990,eastgodavari,rabi,121,phomopsisstemcanker
horsegram,redsandyloam,36,24,50,740,eastgodavari,rabi,26,leafspot
horsegram,clayloam,42,26,55,800,eastgodavari,rabi,41,powderymildew
horsegram,redsandyloam,38,27,60,810,eastgodavari,rabi,56,anthracnose
horsegram,clayloam,43,28,58,850,eastgodavari,rabi,71,yellowmosaicvirus
horsegram,redsandyloam,37,29,65,870,eastgodavari,rabi,91,dryrootrot
horsegram,clayloam,44,30,62,890,eastgodavari,rabi,101,collarrot
cowgram,redsandyloam,34,24,48,720,eastgodavari,rabi,31,leafspot
cowgram,clayloam,41,26,52,750,eastgodavari,rabi,46,anthracnose
cowgram,redsandyloam,36,27,55,780,eastgodavari,rabi,61,powderymildew
cowgram,clayloam,43,28,58,800,eastgodavari,rabi,76,yellowmosaicvirus
cowgram,redsandyloam,35,29,60,830,eastgodavari,rabi,91,rust
cowgram,clayloam,42,30,57,850,eastgodavari,rabi,101,dryrootrot
redgram,shallowredsoil,45,30,65,870,prakasam,kharif,56,wilt
redgram,deepblacksoil,40,29,70,870,prakasam,rabi,81,sterilitymosaicvirus
redgram,sandyloamysoil,30,32,60,870,prakasam,rabi,41,dryrootrot
redgram,shallowredsoil,42,28,66,870,prakasam,kharif,61,powderymildew
redgram,deepblacksoil,38,27,64,870,prakasam,rabi,71,leafspot
redgram,shallowredsoil,36,29,68,870,prakasam,kharif,66,phytophthorablight
redgram,sandyloamysoil,34,30,67,870,prakasam,rabi,51,seedlingblight
redgram,deepblacksoil,39,28,62,870,prakasam,rabi,76,brownblotch
redgram,shallowredsoil,37,31,70,870,prakasam,kharif,86,stemblight
redgram,sandyloamysoil,35,30,69,870,prakasam,rabi,56,leafcrinklevirus
cotton,deepblacksoil,50,34,75,870,prakasam,kharif,61,bacterialblight
redgram,blackcotton,72,28,74,250,krishna,rabi,38,haloblight
cotton,sandyloamysoil,42,33,70,870,prakasam,kharif,81,bollrot
cotton,shallowredsoil,46,31,72,870,prakasam,kharif,71,fusariumwilt
cotton,deepblacksoil,48,30,74,870,prakasam,rabi,91,verticilliumwilt
cotton,sandyloamysoil,36,32,71,870,prakasam,kharif,51,anthracnose
cotton,shallowredsoil,47,33,76,870,prakasam,rabi,86,alternarialeafblight
cotton,sandysoil,33,34,67,870,prakasam,kharif,56,graymildew
cotton,deepblacksoil,49,31,73,870,prakasam,kharif,96,rootrot
cotton,sandyloamysoil,41,30,70,870,prakasam,rabi,66,tobaccostreakvirus
bengalgram,shallowredsoil,38,27,60,870,prakasam,rabi,51,dryrootrot
bengalgram,sandyloamysoil,36,26,55,870,prakasam,rabi,61,wilt
bengalgram,deepblacksoil,42,25,58,870,prakasam,rabi,76,ascochytablight
bengalgram,shallowredsoil,40,28,63,870,prakasam,rabi,71,collarrot
bengalgram,deepblacksoil,45,29,64,870,prakasam,rabi,86,botrytisgraymold
bengalgram,sandyloamysoil,37,27,59,870,prakasam,rabi,56,alternariablight
bengalgram,shallowredsoil,39,28,60,870,prakasam,rabi,66,anthracnose
bengalgram,deepblacksoil,43,26,61,870,prakasam,rabi,81,rust
bengalgram,sandyloamysoil,35,25,56,870,prakasam,rabi,61,sclerotiniastemrot
bengalgram,shallowredsoil,41,27,57,870,prakasam,rabi,71,powderymildew
blackgram,sandyloamysoil,30,28,65,870,prakasam,rabi,46,yellowmosaicvirus
blackgram,shallowredsoil,40,29,70,870,prakasam,rabi,61,anthracnose
blackgram,deepblacksoil,45,27,75,870,prakasam,rabi,71,powderymildew
blackgram,sandyloamysoil,33,30,66,870,prakasam,rabi,56,leafcrinkledisease
blackgram,shallowredsoil,36,28,68,870,prakasam,rabi,66,cercosporaleafspot
blackgram,deepblacksoil,44,27,72,870,prakasam,rabi,76,rust
blackgram,sandyloamysoil,32,28,63,870,prakasam,rabi,51,dryrootrot
blackgram,shallowredsoil,38,29,69,870,prakasam,rabi,61,bacterialblight
blackgram,deepblacksoil,46,26,70,870,prakasam,rabi,81,stemrot
blackgram,sandyloamysoil,31,27,67,870,prakasam,rabi,56,haloblight
sesamum,sandyloamysoil,28,34,60,870,prakasam,kharif,41,phyllody
sesamum,shallowredsoil,30,33,65,870,prakasam,kharif,51,leafcurl
sesamum,deepblacksoil,33,31,62,870,prakasam,kharif,46,cercosporaleafspot
sesamum,sandyloamysoil,29,30,64,870,prakasam,kharif,56,powderymildew
sesamum,shallowredsoil,34,32,63,870,prakasam,kharif,61,alternariablight
sesamum,deepblacksoil,35,31,66,870,prakasam,kharif,66,macrophominarootrot
sesamum,sandyloamysoil,31,30,65,870,prakasam,kharif,71,bacterialblight
sesamum,shallowredsoil,36,30,67,870,prakasam,kharif,76,wilt
sesamum,deepblacksoil,37,29,68,870,prakasam,kharif,81,stemrot
sesamum,sandyloamysoil,32,30,69,870,prakasam,kharif,86,rust
bajra,sandyloamysoil,35,33,60,870,prakasam,kharif,41,downymildew
bajra,sandysoil,30,35,55,870,prakasam,kharif,51,smut
bajra,shallowredsoil,38,34,58,870,prakasam,kharif,61,ergot
bajra,sandyloamysoil,32,32,62,870,prakasam,kharif,46,rust
bajra,deepblacksoil,40,31,65,870,prakasam,kharif,56,blast
bajra,shallowredsoil,36,33,63,870,prakasam,kharif,71,leafspot
bajra,sandysoil,31,34,57,870,prakasam,kharif,51,bacterialleafstripe
bajra,sandyloamysoil,33,32,60,870,prakasam,kharif,66,grainsmut
bajra,deepblacksoil,39,30,66,870,prakasam,kharif,61,charcoalrot
bajra,shallowredsoil,37,31,64,870,prakasam,kharif,56,headsmut
castor,sandyloamysoil,34,33,62,870,prakasam,kharif,51,fusariumwilt
castor,shallowredsoil,36,31,64,870,prakasam,kharif,61,leafblight
castor,deepblacksoil,42,30,67,870,prakasam,kharif,71,alternariablight
castor,sandyloamysoil,32,32,60,870,prakasam,kharif,56,macrophominastemrot
castor,sandysoil,30,34,58,870,prakasam,kharif,46,graymold
castor,shallowredsoil,35,31,63,870,prakasam,kharif,66,rootrot
castor,deepblacksoil,43,29,66,870,prakasam,kharif,76,wilt
castor,sandyloamysoil,33,30,65,870,prakasam,kharif,71,cercosporaleafspot
castor,sandysoil,31,33,59,870,prakasam,kharif,51,anthracnose
castor,shallowredsoil,37,32,62,870,prakasam,kharif,81,botrytisblight
cowpea,sandyloamysoil,36,31,65,870,prakasam,rabi,51,cercosporaleafspot
cowpea,shallowredsoil,38,30,67,870,prakasam,rabi,61,anthracnose
cowpea,deepblacksoil,44,29,68,870,prakasam,rabi,71,powderymildew
cowpea,sandyloamysoil,34,28,63,870,prakasam,rabi,56,rust
cowpea,sandysoil,32,32,61,870,prakasam,rabi,46,bacterialblight
cowpea,shallowredsoil,39,31,66,870,prakasam,rabi,66,collarrot
cowpea,deepblacksoil,45,27,70,870,prakasam,rabi,76,seedlingblight
cowpea,sandyloamysoil,35,29,64,870,prakasam,rabi,61,southernblight
cowpea,sandysoil,33,30,60,870,prakasam,rabi,56,mosaicvirus
cowpea,shallowredsoil,40,28,69,870,prakasam,rabi,71,haloblight
tobacco,sandyloamysoil,38,30,65,870,prakasam,rabi,51,blackshank
tobacco,shallowredsoil,40,29,66,870,prakasam,rabi,61,dampingoff
tobacco,deepblacksoil,42,28,67,870,prakasam,rabi,71,tobaccomosaicvirus
tobacco,sandyloamysoil,37,31,64,870,prakasam,rabi,56,frogeyeleafspot
tobacco,sandysoil,35,32,62,870,prakasam,rabi,46,angularleafspot
tobacco,shallowredsoil,41,30,65,870,prakasam,rabi,66,powderymildew
tobacco,deepblacksoil,43,27,68,870,prakasam,rabi,76,rootknotnematode
tobacco,sandyloamysoil,36,29,63,870,prakasam,rabi,61,leafcurlvirus
tobacco,sandysoil,34,31,61,870,prakasam,rabi,51,anthracnose
tobacco,shallowredsoil,39,28,69,870,prakasam,rabi,71,collarrot
maize,sandyloamysoil,38,30,65,870,prakasam,kharif,51,downymildew
maize,shallowredsoil,40,31,66,870,prakasam,kharif,61,turcicumleafblight
maize,deepblacksoil,42,32,64,870,prakasam,kharif,71,maydisleafblight
maize,sandyloamysoil,36,30,67,870,prakasam,kharif,56,charcoalrot
maize,sandysoil,34,33,62,870,prakasam,kharif,46,rust
maize,shallowredsoil,41,30,68,870,prakasam,kharif,66,headsmut
maize,deepblacksoil,43,31,69,870,prakasam,kharif,76,sorghumdownymildew
maize,sandyloamysoil,37,32,63,870,prakasam,kharif,61,crazytop
maize,sandysoil,35,30,66,870,prakasam,kharif,51,bacterialstalkrot
maize,shallowredsoil,39,29,67,870,prakasam,kharif,71,mosaicvirus
jowar,redsandyloams,36,30,66,257.3,westgodavari,rabi,46,downymildew
jowar,clayloams,38,31,68,257.3,westgodavari,rabi,56,charcoalrot
jowar,sandyalluvial,34,32,65,257.3,westgodavari,rabi,61,anthracnose
jowar,deltaicalluvial,37,29,70,257.3,westgodavari,rabi,51,rust
jowar,coastalsandyloams,33,31,63,257.3,westgodavari,rabi,41,leafblight
jowar,clayloams,39,30,67,257.3,westgodavari,rabi,66,grainsmut
jowar,redsandyloams,35,28,69,257.3,westgodavari,rabi,71,headsmut
jowar,deltaicalluvial,36,29,66,257.3,westgodavari,rabi,56,zonateleafspot
jowar,sandyalluvial,34,30,68,257.3,westgodavari,rabi,51,ergot
jowar,clayloams,38,32,64,257.3,westgodavari,rabi,61,sootystripe
ragi,redsandyloams,35,29,68,257.3,westgodavari,rabi,31,blast
ragi,clayloams,36,28,70,257.3,westgodavari,rabi,41,leafspot
ragi,sandyalluvial,33,30,66,257.3,westgodavari,rabi,36,brownspot
ragi,deltaicalluvial,34,29,67,257.3,westgodavari,rabi,46,footrot
ragi,coastalsandyloams,32,31,65,257.3,westgodavari,rabi,26,downymildew
ragi,clayloams,37,30,69,257.3,westgodavari,rabi,51,rust
ragi,redsandyloams,35,28,68,257.3,westgodavari,rabi,56,seedlingblight
ragi,deltaicalluvial,36,29,66,257.3,westgodavari,rabi,46,headsmut
ragi,sandyalluvial,33,30,67,257.3,westgodavari,rabi,41,sheathrot
ragi,clayloams,38,32,64,257.3,westgodavari,rabi,61,neckblast
maize,clayloams,38,30,68,257.3,westgodavari,rabi,46,turcicumleafblight
maize,redsandyloams,36,29,70,257.3,westgodavari,rabi,61,coonrust
maize,deltaicalluvial,37,31,66,257.3,westgodavari,rabi,51,stalkrot
maize,sandyalluvial,35,28,69,257.3,westgodavari,rabi,56,bandedleafandsheathblight
maize,clayloams,39,30,67,257.3,westgodavari,rabi,66,maydisleafblight
maize,redsandyloams,37,29,68,257.3,westgodavari,rabi,41,downymildew
maize,deltaicalluvial,36,30,65,257.3,westgodavari,rabi,71,headsmut
maize,sandyalluvial,34,31,64,257.3,westgodavari,rabi,51,charcoalrot
maize,clayloams,38,32,63,257.3,westgodavari,rabi,56,bacterialstalkrot
maize,redsandyloams,36,30,66,257.3,westgodavari,rabi,61,mosaicvirus
minormillets,redsandyloams,38,30,75,792,westgodavari,kharif,41,blast
minormillets,clayloams,40,29,76,792,westgodavari,kharif,36,smut
minormillets,sandyalluvial,37,31,74,792,westgodavari,kharif,46,leafspot
minormillets,deltaicalluvial,39,30,73,792,westgodavari,kharif,51,downymildew
minormillets,redsandyloams,38,28,77,792,westgodavari,kharif,56,headsmut
minormillets,clayloams,41,29,76,792,westgodavari,kharif,61,seedlingblight
minormillets,sandyalluvial,36,30,72,792,westgodavari,kharif,41,rust
minormillets,deltaicalluvial,38,31,71,792,westgodavari,kharif,51,ergot
minormillets,redsandyloams,37,28,75,792,westgodavari,kharif,46,sheathrot
minormillets,clayloams,40,32,70,792,westgodavari,kharif,61,necrosis
redgram,redsandyloams,40,30,74,792,westgodavari,kharif,91,wilt
redgram,clayloams,42,29,75,792,westgodavari,kharif,101,dryrootrot
redgram,sandyalluvial,38,28,76,792,westgodavari,kharif,61,powderymildew
redgram,deltaicalluvial,41,31,72,792,westgodavari,kharif,81,stemblight
redgram,redsandyloams,39,30,73,792,westgodavari,kharif,71,leafspot
redgram,clayloams,43,29,74,792,westgodavari,kharif,76,sterilitymosaicdisease
redgram,sandyalluvial,37,30,75,792,westgodavari,kharif,51,seedlingblight
redgram,deltaicalluvial,40,28,76,792,westgodavari,kharif,61,brownblotch
redgram,redsandyloams,39,31,73,792,westgodavari,kharif,86,anthracnose
redgram,clayloams,42,29,72,792,westgodavari,kharif,96,stemrot
redgram,sandyalluvial,38,30,70,792,westgodavari,kharif,66,haloblight
blackgram,redsandyloams,45,29,78,792,westgodavari,kharif,61,powderymildew
blackgram,clayloams,47,30,75,792,westgodavari,kharif,91,anthracnose
blackgram,sandyalluvial,44,28,76,792,westgodavari,kharif,51,leafspot
blackgram,deltaicalluvial,43,31,74,792,westgodavari,kharif,71,rust
blackgram,redsandyloams,46,29,77,792,westgodavari,kharif,86,dryrootrot
blackgram,clayloams,45,30,75,792,westgodavari,kharif,61,yellowmosaicdisease
blackgram,sandyalluvial,44,30,73,792,westgodavari,kharif,91,leafcrinkledisease
blackgram,deltaicalluvial,42,28,76,792,westgodavari,kharif,56,leafcurl
blackgram,redsandyloams,43,30,72,792,westgodavari,kharif,81,ascochytaleafspot
blackgram,clayloams,45,29,74,792,westgodavari,kharif,66,bacterialblight
greengram,redsandyloams,44,29,77,792,westgodavari,kharif,61,powderymildew
greengram,clayloams,45,30,75,792,westgodavari,kharif,86,anthracnose
greengram,sandyalluvial,42,28,76,792,westgodavari,kharif,51,leafspot
greengram,deltaicalluvial,43,31,74,792,westgodavari,kharif,71,rust
greengram,redsandyloams,46,30,76,792,westgodavari,kharif,81,dryrootrot
greengram,clayloams,45,30,75,792,westgodavari,kharif,56,yellowmosaicdisease
greengram,sandyalluvial,43,29,77,792,westgodavari,kharif,91,leafcrinkledisease
greengram,deltaicalluvial,42,28,76,792,westgodavari,kharif,66,leafcurlnecrosis
greengram,redsandyloams,43,30,72,792,westgodavari,kharif,76,ascochytaleafspot
greengram,clayloams,44,29,74,792,westgodavari,kharif,71,bacterialblight
horsegram,redsandyloams,42,30,72,792,westgodavari,kharif,56,anthracnose
horsegram,clayloams,44,29,73,792,westgodavari,kharif,66,powderymildew
horsegram,sandyalluvial,41,31,70,792,westgodavari,kharif,51,leafspot
horsegram,deltaicalluvial,43,30,74,792,westgodavari,kharif,81,rust
horsegram,redsandyloams,42,30,76,792,westgodavari,kharif,61,collarrot
horsegram,clayloams,43,28,72,792,westgodavari,kharif,71,dryrootrot
horsegram,sandyalluvial,41,31,70,792,westgodavari,kharif,76,leafblight
horsegram,deltaicalluvial,44,29,74,792,westgodavari,kharif,86,stemrot
horsegram,redsandyloams,43,30,72,792,westgodavari,kharif,91,rootrot
horsegram,clayloams,42,28,75,792,westgodavari,kharif,61,bacterialleafspot
cowpea,redsandyloams,44,30,74,792,westgodavari,kharif,56,anthracnose
cowpea,clayloams,43,29,75,792,westgodavari,kharif,66,powderymildew
cowpea,sandyalluvial,41,28,72,792,westgodavari,kharif,51,cercosporaleafspot
cowpea,deltaicalluvial,42,30,73,792,westgodavari,kharif,71,rust
cowpea,redsandyloams,45,31,70,792,westgodavari,kharif,61,collarrot
cowpea,clayloams,44,28,74,792,westgodavari,kharif,81,rootrot
cowpea,sandyalluvial,42,30,76,792,westgodavari,kharif,91,bacterialblight
cowpea,deltaicalluvial,43,29,72,792,westgodavari,kharif,86,leafblight
cowpea,redsandyloams,41,30,75,792,westgodavari,kharif,71,wilt
cowpea,clayloams,42,28,73,792,westgodavari,kharif,61,mosaicvirus
turmeric,redsandyloams,60,29,85,792,westgodavari,kharif,46,rhizomerot
turmeric,clayloams,62,30,83,792,westgodavari,kharif,61,leafblotch
turmeric,sandyalluvial,58,31,82,792,westgodavari,kharif,76,leafspot
turmeric,deltaicalluvial,65,28,86,792,westgodavari,kharif,91,leafblight
turmeric,redsandyloams,61,30,80,792,westgodavari,kharif,121,fusariumwilt
turmeric,clayloams,64,29,84,792,westgodavari,kharif,151,collarrot
turmeric,sandyalluvial,59,31,81,792,westgodavari,kharif,181,bacterialleafspot
turmeric,deltaicalluvial,63,30,85,792,westgodavari,kharif,211,pythiumsoftrot
turmeric,redsandyloams,60,29,83,792,westgodavari,kharif,241,taphrinaleafspot
turmeric,clayloams,62,28,86,792,westgodavari,kharif,271,rhizomerot
cotton,redsandyloams,42,30,72,792,westgodavari,kharif,41,wilt
cotton,clayloams,44,29,75,792,westgodavari,kharif,61,verticilliumwilt
cotton,sandyalluvial,41,31,70,792,westgodavari,kharif,56,rootrot
cotton,deltaicalluvial,43,30,73,792,westgodavari,kharif,71,anthracnose
cotton,redsandyloams,45,29,76,792,westgodavari,kharif,81,areolatemildew
cotton,clayloams,43,30,72,792,westgodavari,kharif,91,bollrot
cotton,sandyalluvial,42,31,70,792,westgodavari,kharif,101,leafblight
cotton,deltaicalluvial,44,28,74,792,westgodavari,kharif,111,bacterialblight
cotton,redsandyloams,43,30,73,792,westgodavari,kharif,121,leafcurldisease
cotton,clayloams,45,29,75,792,westgodavari,kharif,131,stenosis
cotton,sandyalluvial,41,31,71,792,westgodavari,kharif,86,leafspot
cotton,deltaicalluvial,44,30,76,792,westgodavari,kharif,96,myrotheciumleafspot
cotton,redsandyloams,42,30,70,792,westgodavari,kharif,106,rust
cotton,clayloams,43,29,78,792,westgodavari,kharif,101,sootymould
sesamum,redsandyloams,43,30,72,792,westgodavari,kharif,31,rootrot
sesamum,clayloams,45,29,74,792,westgodavari,kharif,41,leafblight
sesamum,sandyalluvial,42,30,71,792,westgodavari,kharif,36,leafspot
sesamum,deltaicalluvial,44,28,75,792,westgodavari,kharif,51,wilt
sesamum,redsandyloams,46,29,70,792,westgodavari,kharif,56,stemblight
sesamum,clayloams,48,30,72,792,westgodavari,kharif,61,powderymildew
sesamum,sandyalluvial,43,31,69,792,westgodavari,kharif,46,bacterialleafspot
sesamum,deltaicalluvial,45,30,71,792,westgodavari,kharif,66,phyllody
sesamum,redsandyloams,44,29,73,792,westgodavari,kharif,71,bacterialleafspot
sesamum,clayloams,42,30,70,792,westgodavari,kharif,51,anthracnose
bengalgram,clayloams,42,27,75,239,westgodavari,rabi,36,ascochytablight
bengalgram,deltaicalluvial,44,26,76,239,westgodavari,rabi,41,rust
bengalgram,redsandyloams,43,28,72,239,westgodavari,rabi,51,wilt
bengalgram,clayloams,45,27,74,239,westgodavari,rabi,61,stuntdiseasevirus
bengalgram,sandyalluvial,41,28,71,239,westgodavari,rabi,46,collarrot
bengalgram,redsandyloams,43,27,73,239,westgodavari,rabi,56,footrot
bengalgram,clayloams,42,26,75,239,westgodavari,rabi,66,stemrot
bengalgram,deltaicalluvial,44,27,76,239,westgodavari,rabi,41,bacterialleafblight
bengalgram,redsandyloams,42,28,70,239,westgodavari,rabi,61,beancoonmosaicvirus
tobacco,sandyalluvial,42,27,76,239,westgodavari,rabi,21,dampingoff
tobacco,clayloams,44,28,74,239,westgodavari,rabi,31,blackshank
tobacco,redsandyloams,43,27,73,239,westgodavari,rabi,36,frogeyespot
tobacco,clayloams,45,26,75,239,westgodavari,rabi,41,powderymildew
tobacco,sandyalluvial,42,28,71,239,westgodavari,rabi,46,brownspot
tobacco,redsandyloams,43,27,74,239,westgodavari,rabi,51,anthracnose
tobacco,clayloams,44,27,72,239,westgodavari,rabi,56,wildfire
tobacco,redsandyloams,43,26,70,239,westgodavari,rabi,61,tobaccomosaic
tobacco,sandyalluvial,41,28,71,239,westgodavari,rabi,66,leafcurl
tobacco,clayloams,45,27,75,239,westgodavari,rabi,71,broomrape
sunflower,sandyalluvial,42,27,72,239,westgodavari,rabi,31,rootrot
sunflower,redsandyloams,43,28,74,239,westgodavari,rabi,41,leafblight
sunflower,clayloams,45,26,76,239,westgodavari,rabi,51,rust
sunflower,sandyalluvial,41,27,70,239,westgodavari,rabi,61,headrot
sunflower,redsandyloams,44,28,71,239,westgodavari,rabi,56,powderymildew
sunflower,clayloams,43,27,75,239,westgodavari,rabi,46,basalrot
sunflower,redsandyloams,42,26,74,239,westgodavari,rabi,66,necrosis
cotton,blackcotton,68,30,78,520,guntur,kharif,26,wilt
cotton,redsoils,50,33,65,390,guntur,kharif,31,verticilliumwilt
cotton,blackcotton,70,31,80,530,guntur,kharif,51,rootrot
cotton,blackcotton,75,29,85,620,guntur,kharif,86,anthracnose
cotton,blackcotton,65,29,82,500,guntur,kharif,36,greyorareolatemildew
cotton,blackcotton,80,28,88,600,guntur,kharif,76,bollrot
cotton,redsoils,60,31,70,450,guntur,kharif,41,leafblight
cotton,blackcotton,70,30,84,540,guntur,kharif,61,bacterialblight
cotton,redsoils,55,32,72,420,guntur,kharif,46,leafcurldisease
cotton,blackcotton,67,30,75,500,guntur,kharif,61,stenosisorsmallleaf
cotton,redsoils,50,34,60,360,guntur,kharif,46,rust
cotton,blackcotton,72,29,83,550,guntur,kharif,71,myrotheciumleafspot
cotton,redsoils,58,33,68,440,guntur,kharif,36,leafspot
cotton,blackcotton,78,30,86,600,guntur,kharif,81,sootymould
blackgram,redsoils,58,30,70,410,guntur,rabi,31,yellowmosaicdisease
blackgram,redsoils,55,29,68,400,guntur,rabi,46,anthracnose
blackgram,blackcotton,65,28,76,460,guntur,rabi,51,powderymildew
blackgram,redsoils,60,31,72,420,guntur,rabi,41,leafspot
blackgram,blackcotton,70,27,78,480,guntur,rabi,61,rust
blackgram,blackcotton,68,29,75,470,guntur,rabi,56,dryrootrot
blackgram,redsoils,50,32,66,390,guntur,rabi,36,leafcrinkledisease
blackgram,redsoils,52,33,65,380,guntur,rabi,31,leafcurl
blackgram,redsoils,54,31,67,400,guntur,rabi,41,ascochytaleafspot
blackgram,blackcotton,64,28,73,450,guntur,rabi,51,bacterialblight
maize,blackcotton,70,28,78,460,guntur,rabi,31,sorghumdownymildew
maize,redsoils,60,29,72,430,guntur,rabi,41,leafblight
maize,blackcotton,75,27,80,470,guntur,rabi,46,downymildew
maize,redsoils,58,30,70,410,guntur,rabi,36,philippinedownymildew
maize,blackcotton,68,31,76,450,guntur,rabi,51,crazytop
maize,blackcotton,73,29,79,460,guntur,rabi,56,headsmut
maize,blackcotton,70,30,77,480,guntur,rabi,61,bacterialstalkrot
maize,redsoils,64,31,68,420,guntur,rabi,41,rust
maize,redsoils,62,30,67,415,guntur,rabi,31,brownspot
maize,blackcotton,69,32,75,470,guntur,rabi,66,charcoalrot
maize,redsoils,60,28,70,400,guntur,rabi,36,mosaic
redgram,redsoils,55,30,68,400,guntur,rabi,31,sterilitymosaicdisease
redgram,redsoils,58,31,70,420,guntur,rabi,41,leafspot
redgram,blackcotton,65,29,75,450,guntur,rabi,46,stemblight
redgram,blackcotton,68,28,78,460,guntur,rabi,51,wilt
redgram,blackcotton,70,30,80,470,guntur,rabi,56,dryrootrot
redgram,redsoils,62,31,72,440,guntur,rabi,36,powderymildew
redgram,redsoils,52,33,65,390,guntur,rabi,26,seedlingblight
redgram,redsoils,60,30,68,410,guntur,rabi,41,brownblotch
redgram,blackcotton,66,29,76,455,guntur,rabi,51,anthracnose
redgram,redsoils,59,32,70,420,guntur,rabi,46,stemrot
redgram,redsoils,57,31,69,430,guntur,rabi,36,haloblight
blackgram,blackcotton,65,28,74,420,krishna,rabi,26,yellowmosaicdisease
blackgram,blackcotton,67,29,76,430,krishna,rabi,41,rust
blackgram,redloams,60,30,72,410,krishna,rabi,36,powderymildew
blackgram,sandyclayloams,55,31,68,390,krishna,rabi,31,anthracnose
blackgram,redloams,58,32,65,400,krishna,rabi,29,leafspot
blackgram,blackcotton,70,27,78,450,krishna,rabi,46,dryrootrot
blackgram,redloams,62,29,70,415,krishna,rabi,34,leafcrinkledisease
blackgram,sandyclayloams,57,30,69,395,krishna,rabi,27,leafcurl
blackgram,redloams,54,31,66,385,krishna,rabi,33,ascochytaleafspot
blackgram,blackcotton,68,28,75,435,krishna,rabi,41,bacterialblight
maize,blackcotton,68,28,74,430,krishna,rabi,31,downymildew
maize,blackcotton,70,29,76,440,krishna,rabi,36,sorghumdownymildew
maize,redloams,62,30,71,410,krishna,rabi,33,philippinedownymildew
maize,sandyclayloams,58,31,68,395,krishna,rabi,29,crazytop
maize,redloams,63,32,70,405,krishna,rabi,41,leafblight
maize,blackcotton,72,27,78,450,krishna,rabi,46,rust
maize,blackcotton,74,28,79,460,krishna,rabi,51,headsmut
maize,redloams,65,29,72,415,krishna,rabi,43,charcoalrot
maize,sandyclayloams,60,30,69,400,krishna,rabi,34,bacterialstalkrot
maize,redloams,64,31,71,405,krishna,rabi,37,mosaic
maize,blackcotton,71,29,75,435,krishna,rabi,39,brownspot
cotton,blackcotton,68,30,76,470,krishna,kharif,36,wilt
cotton,redloams,62,32,72,450,krishna,kharif,41,verticilliumwilt
cotton,blackcotton,70,31,74,480,krishna,kharif,46,rootrot
cotton,redloams,60,33,70,440,krishna,kharif,39,anthracnose
cotton,sandyclayloams,58,34,69,430,krishna,kharif,33,greyorareolatemildew
cotton,blackcotton,72,29,78,490,krishna,kharif,51,bollrot
cotton,redloams,63,31,73,455,krishna,kharif,43,leafblight
cotton,blackcotton,75,30,79,495,krishna,kharif,49,bacterialblight
cotton,sandyclayloams,61,32,71,440,krishna,kharif,37,leafcurldisease
cotton,redloams,59,33,68,435,krishna,kharif,40,stenosisorsmallleaf
cotton,redloams,60,32,70,440,krishna,kharif,35,leafspot
cotton,blackcotton,68,31,74,460,krishna,kharif,38,myrotheciumleafspot
cotton,sandyclayloams,62,30,73,445,krishna,kharif,42,rust
cotton,redloams,64,29,75,455,krishna,kharif,44,sootymould
greengram,redloams,60,28,70,240,krishna,rabi,31,powderymildew
greengram,blackcotton,68,29,74,250,krishna,rabi,35,anthracnose
greengram,redloams,62,27,68,235,krishna,rabi,29,leafspot
greengram,sandyclayloams,58,30,69,245,krishna,rabi,37,rust
greengram,blackcotton,70,28,73,255,krishna,rabi,41,dryrootrot
greengram,redloams,63,29,72,250,krishna,rabi,33,yellowmosaicdisease
greengram,blackcotton,72,27,75,260,krishna,rabi,34,leafcrinkledisease
greengram,sandyclayloams,59,30,70,240,krishna,rabi,32,leafcurl
greengram,redloams,61,28,71,245,krishna,rabi,30,ascochytaleafspot
greengram,blackcotton,69,29,74,250,krishna,rabi,36,bacterialblight
tobacco,sandyclayloams,62,27,70,240,krishna,rabi,26,dampingoff
tobacco,blackcotton,70,28,73,250,krishna,rabi,31,blackshank
tobacco,redloams,63,27,69,235,krishna,rabi,35,frogeyespot
tobacco,blackcotton,68,29,72,255,krishna,rabi,38,powderymildew
tobacco,redloams,60,30,68,230,krishna,rabi,40,brownspot
tobacco,sandyclayloams,65,29,71,245,krishna,rabi,42,anthracnose
tobacco,blackcotton,71,28,74,260,krishna,rabi,36,wildfire
tobacco,redloams,64,27,70,250,krishna,rabi,34,tobaccomosaic
tobacco,sandyclayloams,66,28,69,245,krishna,rabi,39,leafcurl
tobacco,blackcotton,72,27,75,255,krishna,rabi,45,broomrape
redgram,blackcotton,70,28,72,250,krishna,rabi,36,wilt
redgram,sandyclayloams,62,29,68,245,krishna,rabi,41,dryrootrot
redgram,redloams,60,27,70,240,krishna,rabi,39,powderymildew
redgram,redloams,63,28,72,248,krishna,rabi,43,stemblight
redgram,blackcotton,71,30,74,260,krishna,rabi,35,leafspot
redgram,sandyclayloams,65,27,75,250,krishna,rabi,37,sterilitymosaicdisease
redgram,redloams,61,27,68,238,krishna,rabi,29,seedlingblight
redgram,blackcotton,70,29,73,255,krishna,rabi,34,brownblotch
redgram,redloams,60,28,70,242,krishna,rabi,40,anthracnose
redgram,sandyclayloams,64,29,71,249,krishna,rabi,42,stemrot
mango,redloamy,40,30,70,110,visakhapatnam,kharif,201,anthracnose
mango,redloamy,40,30,70,110,visakhapatnam,kharif,201,rootrot
banana,alluvial,65,29,85,150,visakhapatnam,annual,301,panamawilt
pineapple,lateritic,50,27,80,140,visakhapatnam,annual,241,heartrot
guava,redsandyloam,55,28,75,90,visakhapatnam,kharif,151,wilt
guava,redsandyloam,55,28,75,90,visakhapatnam,kharif,151,fruitrot
tomato,sandyloam,65,25,78,45,visakhapatnam,kharif,41,leafcurlvirus
tomato,sandyloam,65,25,78,45,visakhapatnam,kharif,41,fruitrot
brinjal,sandyloam,60,27,80,60,visakhapatnam,kharif,91,bacterialwilt
bhendi,sandyloam,55,28,76,70,visakhapatnam,kharif,76,yellowveinmosaicvirus
chillies,redsandy,50,29,78,85,visakhapatnam,kharif,121,bacterialleafspot
chillies,redsandy,50,29,78,85,visakhapatnam,kharif,121,dieback
beans,clayloam,60,26,77,80,visakhapatnam,kharif,66,leafspot
gourds,sandyloam,58,27,74,75,visakhapatnam,kharif,61,downymildew
coffee,redloamy,65,22,90,160,visakhapatnam,annual,366,coffeerust
cashew,redsandy,35,32,65,100,visakhapatnam,kharif,251,teamosquitobug
coconut,coastalsandy,65,30,80,120,visakhapatnam,annual,366,budrot
arecanut,alluvial,60,29,82,130,visakhapatnam,annual,366,yellowleafdisease
turmeric,clayloam,70,28,80,110,visakhapatnam,kharif,241,rhizomerot
turmeric,clayloam,70,28,80,110,visakhapatnam,kharif,241,leafspot
mango,redloamy,40,30,70,110,srikakulam,kharif,201,anthracnose
chillies,sandyloam,60,28,75,80,srikakulam,kharif,61,powderymildew
chillies,sandyloam,60,28,75,80,srikakulam,kharif,61,dampingoff
onion,alluvialloam,55,26,78,70,srikakulam,rabi,91,purpleblotch
onion,alluvialloam,55,26,78,70,srikakulam,rabi,91,stemphyliumblight
coconut,sandy,65,30,80,120,srikakulam,annual,366,budrot
coconut,sandy,65,30,80,120,srikakulam,annual,366,eriophyidmiteinfestation
cashew,redsandy,35,32,65,100,srikakulam,kharif,251,teamosquitobug
cashew,redsandy,35,32,65,100,srikakulam,kharif,251,powderymildew
oilpalm,redloamy,70,31,85,150,srikakulam,annual,301,basalstemrot
arecanut,alluvial,60,29,82,130,srikakulam,annual,366,yellowleafdisease
mango,redsandyloam,40,30,70,1150,vizianagaram,kharif,201,anthracnose
mango,redsandyloam,40,30,70,1150,vizianagaram,kharif,201,hopper
mango,redsandyloam,40,30,70,1150,vizianagaram,kharif,201,mealybug
mango,redsandyloam,40,30,70,1150,vizianagaram,kharif,201,malformation
cashew,sandyloam,35,30,70,1150,vizianagaram,kharif,181,dieback
brinjal,loamy,45,30,75,1150,vizianagaram,kharif,121,leafspot
brinjal,loamy,45,30,75,1150,vizianagaram,kharif,121,fruitrot
arecanut,sandyloam,55,28,80,1150,vizianagaram,kharif,221,budrot
oilpalm,clayloam,60,28,80,1150,vizianagaram,kharif,221,basalstemrot
coconut,sandyloam,50,28,80,1150,vizianagaram,kharif,221,rootwilt
batavian,redloamy,55,30,80,665,nellore,kharif,201,fungalinfection
orange,redloamy,55,30,80,665,nellore,kharif,201,fungalinfection
cashew,redsandy,40,32,70,665,nellore,kharif,251,fungalinfection
banana,alluvial,70,29,85,665,nellore,kharif,301,fungalinfection
chillies,redsandy,50,29,78,665,nellore,kharif,121,spodoptera
chillies,redsandy,50,29,78,665,nellore,kharif,121,mold
oilpalm,redloamy,65,31,85,665,nellore,annual,301,rootzonefungalinfection
banana,blackcotton,35,30,75,200,krishna,kharif,91,leafspots
banana,blackcotton,35,30,75,200,krishna,kharif,91,rhizomerotting
guava,redloam,30,28,70,180,krishna,rabi,81,anthracnose
chillies,sandyclayloam,25,32,60,150,krishna,kharif,61,leafspots
chillies,sandyclayloam,25,32,60,150,krishna,kharif,61,anthracnose
tomato,sandyclayloam,30,30,65,160,krishna,rabi,71,leafspots
turmeric,blackcotton,45,29,80,210,krishna,kharif,121,rhizomerot
turmeric,blackcotton,45,29,80,210,krishna,postharvest,181,mouldpostharvest
coconut,blackcotton,50,30,78,220,krishna,rabi,151,mouldpostharvest
oilpalm,blackcotton,50,31,80,230,krishna,kharif,151,twistedleaves
oilpalm,blackcotton,50,31,80,230,krishna,kharif,151,hangingbunches
mango,clayloamy,30,30,75,1204,eastgodavari,kharif,151,waterstress
mango,clayloamy,30,30,75,1204,eastgodavari,kharif,151,rootzonerot
banana,sandyclayloam,35,30,80,1204,eastgodavari,kharif,91,rhizomerot
banana,sandyclayloam,35,30,80,1204,eastgodavari,kharif,91,lodging
lemon,clayloamy,30,30,80,1204,eastgodavari,kharif,101,fungalinfection
lemon,clayloamy,30,30,80,1204,eastgodavari,kharif,101,collarrot
cashew,redsandyloam,28,30,75,1204,eastgodavari,kharif,121,wetrootstress
chillies,sandyclayloam,28,30,70,1204,eastgodavari,kharif,76,fruitrot
bhendi,sandyclayloam,28,30,70,1204,eastgodavari,kharif,61,dampingoff
brinjal,sandyclayloam,28,30,70,1204,eastgodavari,kharif,76,leafspot
gourds,sandyclayloam,28,30,70,1204,eastgodavari,kharif,71,waterloggingdamage
coconut,clayloamy,40,31,80,1204,eastgodavari,kharif,181,rootstress
oilpalm,clayloamy,40,31,80,1204,eastgodavari,kharif,181,nutrientdeficiency
cashew,redsandyloam,35,30,70,120,westgodavari,kharif,201,teamosquitobug
mango,redloamy,40,30,70,120,westgodavari,kharif,201,anthracnose
banana,alluvial,60,31,80,120,westgodavari,yearround,301,sigatoka
lemon,sandyloam,35,29,68,120,westgodavari,rabi,181,citruscanker
chillies,blacksoil,45,32,65,120,westgodavari,rabi,151,leafcurlvirus
brinjal,clayloam,50,30,75,120,westgodavari,rabi,131,shootandfruitborer
oilpalm,clayloam,60,32,85,120,westgodavari,perennial,366,budrot
coconut,sandyloam,55,30,78,120,westgodavari,perennial,366,eriophyidmite
mango,redsoil,40,30,70,870,prakasam,kharif,201,anthracnose
mango,redsoil,40,30,70,870,prakasam,kharif,201,rootrot
sapota,redsoil,45,29,65,870,prakasam,kharif,181,wilt
papaya,redsandyloam,50,28,75,870,prakasam,kharif,181,ringspotvirus
lemon,redsoil,40,30,65,870,prakasam,kharif,161,bacterialleafspot
chillies,blacksoil,35,30,60,870,prakasam,kharif,131,dieback
chillies,blacksoil,35,30,60,870,prakasam,kharif,131,fruitrot
tomato,sandyloam,40,28,70,870,prakasam,kharif,101,blight
tomato,sandyloam,40,28,70,870,prakasam,kharif,101,wilt
tomato,sandyloam,40,28,70,870,prakasam,kharif,101,virus
coriander,blacksoil,30,26,60,870,prakasam,rabi,111,powderymildew
coriander,blacksoil,30,26,60,870,prakasam,rabi,111,wilt
bss355,sandyloam,65,28,65,876,guntur,kharif,91,chilliveinalmottleviruschivmv
bangaram,sandyloam,65,28,65,876,guntur,rabi,91,tospovirusgbnv
2222,sandyloam,65,28,65,876,guntur,kharif,91,cucumbermosaicviruscmv
classic,sandyloam,65,28,65,876,guntur,rabi,91,tobaccomosaicvirustmv
byadagi,sandyloam,65,28,65,876,guntur,kharif,91,chillileafcurlviruschlcv
5531,sandyloam,65,28,65,876,guntur,rabi,91,chilliveinalmottleviruschivmv
155,sandyloam,65,28,65,876,guntur,kharif,91,tospovirusgbnv
250,sandyloam,65,28,65,876,guntur,kharif,91,cucumbermosaicviruscmv
275,sandyloam,65,28,65,876,guntur,rabi,91,tobaccomosaicvirustmv
341,sandyloam,65,28,65,876,guntur,kharif,91,chillileafcurlviruschlcv
no5,sandyloam,65,28,65,876,guntur,rabi,91,chilliveinalmottleviruschivmv
tejeswini,sandyloam,65,28,65,876,guntur,kharif,91,tospovirusgbnv
lca625,sandyloam,65,28,65,876,guntur,kharif,91,cucumbermosaicviruscmv
lca620,sandyloam,65,28,65,876,guntur,rabi,91,tobaccomosaicvirustmv
lch111,sandyloam,65,28,65,876,guntur,kharif,91,chillileafcurlviruschlcv
lca657,sandyloam,65,28,65,876,guntur,rabi,91,chilliveinalmottleviruschivmv
lca680,sandyloam,65,28,65,876,guntur,kharif,91,tospovirusgbnv
lca684,sandyloam,65,28,65,876,guntur,rabi,91,cucumbermosaicviruscmv
lca643,sandyloam,65,28,65,876,guntur,kharif,91,tobaccomosaicvirustmv
mango,redloamy,40,30,70,110,guntur,kharif,201,anthracnose
mango,redloamy,40,30,70,110,guntur,kharif,201,powderymildew
mango,redloamy,40,30,70,110,guntur,kharif,201,dieback
banana,loamy,60,28,85,150,guntur,kharif,181,sigatokaleafspot
banana,loamy,60,28,85,150,guntur,kharif,181,panamawilt
banana,loamy,60,28,85,150,guntur,kharif,181,anthracnose
lemon,sandyloam,35,29,65,100,guntur,rabi,161,citruscanker
lemon,sandyloam,35,29,65,100,guntur,rabi,161,guosis
lemon,sandyloam,35,29,65,100,guntur,rabi,161,dieback
orange,sandyloam,35,29,65,100,guntur,rabi,161,citruscanker
orange,sandyloam,35,29,65,100,guntur,rabi,161,fungalinfections
orange,sandyloam,35,29,65,100,guntur,rabi,161,dieback
papaya,loamy,50,30,75,130,guntur,kharif,151,powderymildew
papaya,loamy,50,30,75,130,guntur,kharif,151,anthracnose
papaya,loamy,50,30,75,130,guntur,kharif,151,ringspotvirus
chillies,blacksoil,30,29,60,90,guntur,rabi,141,anthracnose
chillies,blacksoil,30,29,60,90,guntur,rabi,141,powderymildew
chillies,blacksoil,30,29,60,90,guntur,rabi,141,leafspot
bhendi,sandyloam,30,30,65,100,guntur,kharif,121,yellowveinmosaicvirus
bhendi,sandyloam,30,30,65,100,guntur,kharif,121,powderymildew
bhendi,sandyloam,30,30,65,100,guntur,kharif,121,leafspot
cucumber,sandyloam,40,30,70,100,guntur,kharif,121,downymildew
cucumber,sandyloam,40,30,70,100,guntur,kharif,121,powderymildew
cucumber,sandyloam,40,30,70,100,guntur,kharif,121,anthracnose
brinjal,loamy,45,27,75,100,guntur,rabi,131,bacterialwilt
brinjal,loamy,45,27,75,100,guntur,rabi,131,leafspot
brinjal,loamy,45,27,75,100,guntur,rabi,131,collarrot
turmeric,sandyloam,55,28,80,120,guntur,kharif,221,rhizomerot
turmeric,sandyloam,55,28,80,120,guntur,kharif,221,leafspot
turmeric,sandyloam,55,28,80,120,guntur,kharif,221,rhizomeflyinfestation
sugarcane,redsoil,45,28,85,1162,srikakulam,kharif,366,redrot
sugarcane,redsoil,42,30,75,1162,srikakulam,kharif,91,smut
sugarcane,redsoil,55,27,80,1162,srikakulam,kharif,16,settrot
sugarcane,redsoil,48,32,70,1162,srikakulam,kharif,181,wilt
sugarcane,redsoil,50,29,88,1162,srikakulam,kharif,151,rust
sugarcane,redsoil,47,30,78,1162,srikakulam,kharif,121,guosis
sugarcane,redsoil,46,29,82,1162,srikakulam,kharif,101,redstripe
sugarcane,redsoil,44,28,80,1162,srikakulam,kharif,91,sugarcanemosaicvirus
sugarcane,redsoil,50,31,78,1162,srikakulam,kharif,151,grassyshootdisease
sugarcane,redsoil,43,30,82,1162,srikakulam,kharif,366,ratoonstuntingdisease
sugarcane,redclayloam,50,31,78,1200,visakhapatnam,kharif,151,grassyshootdisease
sugarcane,redclayloam,45,28,85,1200,visakhapatnam,kharif,366,redrot
sugarcane,redclayloam,42,30,75,1200,visakhapatnam,kharif,91,smut
sugarcane,redclayloam,55,27,80,1200,visakhapatnam,kharif,16,settrot
sugarcane,redclayloam,48,32,70,1200,visakhapatnam,kharif,181,wilt
sugarcane,redclayloam,50,29,88,1200,visakhapatnam,kharif,151,rust
sugarcane,redclayloam,47,30,78,1200,visakhapatnam,kharif,121,guosis
sugarcane,redclayloam,46,29,82,1200,visakhapatnam,kharif,101,redstripe
sugarcane,clayloam,48,29,80,1200,visakhapatnam,kharif,366,redrot
sugarcane,clayloam,45,31,74,1200,visakhapatnam,kharif,91,smut
sugarcane,clayloam,55,28,82,1200,visakhapatnam,kharif,16,settrot
sugarcane,clayloam,50,32,72,1200,visakhapatnam,kharif,181,wilt
sugarcane,clayloam,51,29,86,1200,visakhapatnam,kharif,151,rust
sugarcane,redsandyloam,42,29,78,1200,visakhapatnam,kharif,366,redrot
sugarcane,redsandyloam,40,31,70,1200,visakhapatnam,kharif,91,smut
sugarcane,redsandyloam,53,27,82,1200,visakhapatnam,kharif,16,settrot
sugarcane,redsandyloam,48,29,85,1200,visakhapatnam,kharif,151,rust
sugarcane,clayloam,48,30,78,1200,visakhapatnam,kharif,121,guosis
sugarcane,redsandyloam,45,30,77,1200,visakhapatnam,kharif,121,guosis
sugarcane,clayloam,44,28,79,1200,visakhapatnam,kharif,91,sugarcanemosaicvirus
sugarcane,clayloam,42,30,80,1132,vizayanagaram,kharif,366,ratoonstuntingdisease
sugarcane,redsandyloam,45,28,85,1132,vizayanagaram,kharif,366,redrot
sugarcane,redsandyloam,42,30,75,1132,vizayanagaram,kharif,91,smut
sugarcane,redsandyloam,53,27,80,1132,vizayanagaram,kharif,16,settrot
sugarcane,redsandyloam,48,32,70,1132,vizayanagaram,kharif,181,wilt
sugarcane,redsandyloam,50,29,88,1132,vizayanagaram,kharif,151,rust
sugarcane,redsandyloam,45,30,78,1132,vizayanagaram,kharif,121,guosis
sugarcane,redsandyclayloam,48,29,82,1132,vizayanagaram,kharif,101,redstripe
sugarcane,redsandyclayloam,44,28,80,1132,vizayanagaram,kharif,91,sugarcanemosaicvirus
sugarcane,redsandyclayloam,50,31,78,1132,vizayanagaram,kharif,151,grassyshootdisease
sugarcane,redsandyclayloam,43,30,82,1132,vizayanagaram,kharif,366,ratoonstuntingdisease
sugarcane,clayloam,48,29,80,1132,vizayanagaram,kharif,366,redrot
sugarcane,clayloam,45,31,74,1132,vizayanagaram,kharif,91,smut
sugarcane,clayloam,55,28,82,1132,vizayanagaram,kharif,16,settrot
sugarcane,clayloam,50,32,72,1132,vizayanagaram,kharif,181,wilt
sugarcane,clayloam,51,29,86,1132,vizayanagaram,kharif,151,rust
sugarcane,clayloam,48,30,78,1132,vizayanagaram,kharif,121,guosis
sugarcane,clayloam,46,30,81,1132,vizayanagaram,kharif,101,redstripe
sugarcane,clayloam,44,28,79,1132,vizayanagaram,kharif,91,sugarcanemosaicvirus
sugarcane,clayloam,51,31,77,1132,vizayanagaram,kharif,151,grassyshootdisease
sugarcane,redsandyloam,45,30,82,1020,eastgodavari,kharif,366,ratoonstuntingdisease
sugarcane,sandyclayloam,55,30,85,1020,eastgodavari,kharif,366,redrot
sugarcane,sandyclayloam,52,32,78,1020,eastgodavari,kharif,91,smut
sugarcane,sandyclayloam,60,28,85,1020,eastgodavari,rabi,16,settrot
sugarcane,sandyclayloam,58,33,80,1020,eastgodavari,kharif,181,wilt
sugarcane,clayloam,57,30,88,1020,eastgodavari,kharif,151,rust
sugarcane,clayloam,53,31,79,1020,eastgodavari,rabi,121,guosis
sugarcane,clayloam,50,29,83,1020,eastgodavari,rabi,101,redstripe
sugarcane,clayloam,55,30,81,1020,eastgodavari,rabi,91,sugarcanemosaicvirus
sugarcane,redsandyloam,48,31,79,1020,eastgodavari,kharif,151,grassyshootdisease
sugarcane,clayloam,56,30,85,1152,westgodavari,kharif,366,ratoonstuntingdisease
sugarcane,redsandyloam,52,30,85,1152,westgodavari,kharif,366,redrot
sugarcane,clayloam,55,32,80,1152,westgodavari,kharif,91,smut
sugarcane,alluvial,58,31,84,1152,westgodavari,kharif,16,settrot
sugarcane,deltaicalluvial,60,30,86,1152,westgodavari,kharif,181,wilt
sugarcane,clayloam,54,29,88,1152,westgodavari,kharif,151,rust
sugarcane,clayloam,55,30,82,1152,westgodavari,kharif,91,sugarcanemosaicvirus
sugarcane,deltaicalluvial,60,29,84,1152,westgodavari,kharif,151,grassyshootdisease
sugarcane,redloam,52,30,80,1034,krishna,rabi,366,ratoonstuntingdisease
sugarcane,blackcottonsoil,58,30,82,1034,krishna,rabi,366,redrot
sugarcane,redloam,52,31,80,1034,krishna,rabi,91,smut
sugarcane,sandyclayloam,55,30,81,1034,krishna,rabi,16,settrot
sugarcane,blackcottonsoil,60,29,78,1034,krishna,rabi,181,wilt
sugarcane,redloam,53,28,79,1034,krishna,rabi,151,rust
sugarcane,blackcottonsoil,57,30,80,1034,krishna,rabi,121,sugarcanemosaicvirus
sugarcane,sandyclayloam,55,29,81,1034,krishna,rabi,181,grassyshootdisease
sugarcane,coastalsandysoil,46,32,80,1095,nellore,kharif,271,redstripe
sugarcane,redsoil,58,31,78,1095,nellore,kharif,366,redrot
sugarcane,coastalsandysoil,45,32,82,1095,nellore,kharif,16,settrot
sugarcane,redsoil,54,30,76,1095,nellore,kharif,91,smut
sugarcane,blackcottonsoil,62,30,79,1095,nellore,rabi,181,wilt
sugarcane,redsoil,55,31,75,1095,nellore,rabi,151,rust
sugarcane,coastalsandysoil,47,30,83,1095,nellore,rabi,121,sugarcanemosaic
sugarcane,alluvialsoil,63,29,77,1095,nellore,rabi,181,grassyshoot
sugarcane,blackcottonsoil,65,30,78,1095,nellore,rabi,366,ratoonstunting
sugarcane,redsoil,52,30,74,1095,nellore,rabi,201,guosis
sugarcane,redsandy,44,32,67,934,chittoor,kharif,101,redstripe
sugarcane,redloam,48,32,70,934,chittoor,kharif,361,redrot
sugarcane,redsandy,42,33,68,934,chittoor,kharif,91,smut
sugarcane,blackloamy,55,30,75,934,chittoor,kharif,181,sugarcanemosaic
sugarcane,redclay,50,31,72,934,chittoor,kharif,121,wilt
sugarcane,redsandy,45,34,65,934,chittoor,kharif,16,settrot
sugarcane,redloam,47,32,72,934,chittoor,kharif,271,ratoonstunting
sugarcane,blackloamy,56,29,74,934,chittoor,kharif,151,grassyshoot
sugarcane,redloam,49,31,70,934,chittoor,kharif,201,guosis
sugarcane,redclay,46,30,69,934,chittoor,kharif,301,rust
sugarcane,deltaicalluvial,55,31,78,1153,westgodavari,kharif,301,ratoonstunting
sugarcane,clayloam,54,32,78,1204,eastgodavari,kharif,361,redrot
sugarcane,redsandyloam,45,34,65,1034,krishna,kharif,91,smut
sugarcane,sandyclayloam,48,33,75,1202,visakhapatnam,kharif,31,settrot
sugarcane,redloam,50,31,73,934,chittoor,kharif,121,wilt
sugarcane,clayloam,52,30,74,1153,westgodavari,kharif,271,rust
sugarcane,redclayloam,49,33,70,1204,eastgodavari,kharif,151,guosis
sugarcane,sandyalluvial,43,34,66,1034,nellore,kharif,101,redstripe
sugarcane,blackloamy,56,30,72,934,chittoor,kharif,181,sugarcanemosaic
sugarcane,redsandyloam,47,34,65,1162,srikakulam,kharif,61,grassyshoot
paddy,redsoil,88,29,89,705,srikakulam,kharif,46,ricegrassystuntdisease
paddy,redsoil,86,28,88,705,srikakulam,kharif,51,riceraggedstuntdisease
paddy,redsoil,80,30,85,705,srikakulam,kharif,41,blast
paddy,redsoil,78,28,80,705,srikakulam,kharif,51,brownspot
paddy,redsoil,82,29,83,705,srikakulam,kharif,61,narrowbrownleafspot
paddy,redsoil,88,30,90,705,srikakulam,kharif,66,sheathrot
paddy,redsoil,90,31,92,705,srikakulam,kharif,71,sheathblight
paddy,redsoil,85,30,88,705,srikakulam,kharif,76,falsesmut
paddy,redsoil,84,31,87,705,srikakulam,kharif,61,stemrot
paddy,redsoil,89,29,91,705,srikakulam,kharif,56,bacterialleafblight
paddy,redsoil,80,28,86,705,srikakulam,kharif,51,bacterialleafstreak
paddy,redsoil,91,27,92,705,srikakulam,kharif,61,ricetungrodisease
paddy,redsandyclayloam,88,29,89,692,vizayanagaram,kharif,46,ricegrassystuntdisease
paddy,redsandyloam,82,30,85,692,vizayanagaram,kharif,41,blast
paddy,redsandyclayloam,80,29,83,692,vizayanagaram,kharif,51,brownspot
paddy,redsandyloam,85,31,88,692,vizayanagaram,kharif,61,sheathblight
paddy,redloamysandysoil,86,31,89,692,vizayanagaram,kharif,71,falsesmut
paddy,redsandyloam,84,29,88,692,vizayanagaram,kharif,56,bacterialleafblight
paddy,redsandyloam,82,28,85,692,vizayanagaram,kharif,51,bacterialleafstreak
paddy,redsandyloam,90,27,92,692,vizayanagaram,kharif,61,ricetungrodisease
paddy,sandyclayloam,73,27,72,150,eastgodavari,rabi,51,bacterialleafstreak
paddy,clayloamysoil,88,31,90,760,eastgodavari,kharif,41,blast
paddy,sandyclayloam,85,30,88,760,eastgodavari,kharif,51,brownspot
paddy,clayloamysoil,90,32,91,760,eastgodavari,kharif,61,sheathblight
paddy,redsandyloam,84,31,89,760,eastgodavari,kharif,66,falsesmut
paddy,sandyclayloam,86,30,87,760,eastgodavari,kharif,71,sheathrot
paddy,clayloamysoil,90,29,92,760,eastgodavari,kharif,56,bacterialleafblight
paddy,clayloamysoil,85,28,88,760,eastgodavari,kharif,51,bacterialleafstreak
paddy,redsandyloam,89,30,90,760,eastgodavari,kharif,61,ricetungrodisease
paddy,sandyclayloam,87,29,89,760,eastgodavari,kharif,51,ricegrassystuntdisease
paddy,clayloamysoil,75,26,70,160,eastgodavari,rabi,41,blast
paddy,sandyclayloam,72,25,68,150,eastgodavari,rabi,51,brownspot
paddy,clayloamysoil,78,27,73,160,eastgodavari,rabi,61,falsesmut
paddy,redsandyloam,74,28,70,150,eastgodavari,rabi,66,bacterialleafblight
paddy,heavyclays,75,28,71,239,westgodavari,rabi,66,bacterialleafstreak
paddy,clayloam,88,30,90,792,westgodavari,kharif,36,blast
paddy,redsandyloam,82,31,88,792,westgodavari,kharif,41,brownspot
paddy,deltaicalluvial,85,29,92,792,westgodavari,kharif,51,sheathblight
paddy,heavyclays,90,28,91,792,westgodavari,kharif,61,bacterialleafblight
paddy,sandyalluvial,86,30,87,792,westgodavari,kharif,56,falsesmut
paddy,clayloam,76,26,72,239,westgodavari,rabi,36,brownspot
paddy,redsandyloam,74,25,70,239,westgodavari,rabi,46,bacterialleafblight
paddy,deltaicalluvial,78,27,73,239,westgodavari,rabi,51,sheathrot
paddy,clayloam,72,26,69,239,westgodavari,rabi,61,falsesmut
paddy,alluvialsoils,85,32,78,700,guntur,rabi,46,sheathblight
paddy,blackcottonsoils,82,30,80,600,guntur,rabi,91,blast
paddy,blackcottonsoils,64,32,80,500,guntur,rabi,61,footrot
paddy,redsoils,68,30,90,700,guntur,rabi,61,bacterialleafstreak
paddy,alluvialsoils,79,32,80,500,guntur,kharif,91,sheathrot
paddy,blackcottonsoils,64,32,85,500,guntur,rabi,91,brownspot
paddy,redsoils,64,28,85,600,guntur,rabi,76,footrot
paddy,alluvialsoils,80,28,78,500,guntur,rabi,31,sheathrot
paddy,alluvialsoils,82,28,80,450,guntur,rabi,76,falsesmut
paddy,redsoils,72,34,80,600,guntur,rabi,31,blast
paddy,redloams,66,27,80,700,krishna,kharif,71,falsesmut
paddy,blackcottonsoils,68,30,85,720,krishna,kharif,51,bacterialleafblight
paddy,redloams,62,29,82,700,krishna,kharif,61,sheathblight
paddy,sandyclayloams,60,28,78,685,krishna,kharif,46,brownspot
paddy,blackcottonsoils,70,31,87,730,krishna,kharif,71,falsesmut
paddy,alluvialsoils,75,27,90,750,krishna,kharif,56,leafblast
paddy,blackcottonsoils,65,26,83,260,krishna,rabi,61,footrot
paddy,redloams,60,25,78,250,krishna,rabi,66,sheathrot
paddy,sandyclayloams,58,24,76,270,krishna,rabi,71,tungrovirus
paddy,alluvialsoils,66,26,80,255,krishna,rabi,51,bacterialleafstreak
paddy,blackcottonsoils,69,29,84,710,krishna,kharif,41,stemrot
paddy,redloams,63,28,81,695,krishna,kharif,66,neckblast
paddy,sandyclayloams,64,27,79,680,krishna,kharif,61,sheathblight
paddy,blackcottonsoils,67,28,83,715,krishna,kharif,56,bacterialpanicleblight
paddy,alluvialsoils,68,26,82,720,krishna,kharif,61,leafscald
paddy,sandyloamysoils,66,30,84,410,prakasam,kharif,46,sheathrot
paddy,shallowredsoils,60,30,85,400,prakasam,kharif,51,sheathblight
paddy,deepblackcottonsoils,70,28,88,450,prakasam,kharif,61,bacterialleafblight
paddy,sandyloamysoils,65,29,82,420,prakasam,kharif,46,brownspot
paddy,deepblackcottonsoils,80,26,90,470,prakasam,kharif,71,leafblast
paddy,shallowredsoils,58,31,75,390,prakasam,kharif,41,bacterialleafstreak
paddy,sandyloamysoils,72,27,87,460,prakasam,kharif,56,falsesmut
paddy,deepblackcottonsoils,78,30,86,430,prakasam,rabi,61,footrot
paddy,shallowredsoils,65,28,84,410,prakasam,rabi,56,sheathblight
paddy,sandyloamysoils,62,29,80,395,prakasam,rabi,51,brownspot
paddy,deepblackcottonsoils,75,27,89,460,prakasam,rabi,71,leafblast
paddy,shallowredsoils,60,30,85,400,prakasam,rabi,61,bacterialleafblight
paddy,sandysoils,70,28,87,430,prakasam,rabi,66,falsesmut
paddy,shallowredsoils,68,29,86,440,prakasam,kharif,51,stemrot
paddy,deepblackcottonsoils,76,27,90,470,prakasam,kharif,61,bacterialleafstreak
paddy,claysoils,82,28,91,455,nellore,rabi,76,falsesmut
paddy,redloams,70,30,85,400,nellore,kharif,41,sheathblight
paddy,redsandy,68,32,80,350,nellore,kharif,56,brownspot
paddy,claysoils,80,29,90,450,nellore,kharif,71,bacterialleafblight
paddy,blackloamy,75,31,88,420,nellore,kharif,66,sheathrot
paddy,redclay,65,33,78,380,nellore,kharif,46,blast
paddy,redloams,72,30,82,390,nellore,kharif,61,bacterialleafstreak
paddy,claysoils,85,28,92,460,nellore,kharif,81,falsesmut
paddy,redsandy,66,31,77,370,nellore,kharif,51,brownspot
paddy,redloams,78,29,87,440,nellore,kharif,76,sheathblight
paddy,claysoils,83,28,93,470,nellore,kharif,91,stemrot
paddy,blackloamy,76,30,89,430,nellore,kharif,86,falsesmut
paddy,redclay,70,32,79,410,nellore,kharif,61,blast
paddy,redloams,74,31,81,395,nellore,rabi,51,bacterialleafblight
paddy,redsandy,69,29,84,405,nellore,rabi,66,sheathrot
paddy,redclayloam,55,26,90,702,vishakapatanam,kharif,121,blast
paddy,redsandyloam,59,25,91,710,vishakapatanam,kharif,121,blast
paddy,redclayloam,40,28,82,692,vishakapatanam,kharif,121,brownspot
paddy,redsandyloam,46,29,83,698,vishakapatanam,kharif,121,brownspot
paddy,redclayloam,43,26,86,703,vishakapatanam,kharif,121,narrowbrownleafspot
paddy,redsandyloam,46,25,87,720,vishakapatanam,kharif,121,narrowbrownleafspot
paddy,redclayloam,72,26,85,713,vishakapatanam,kharif,121,sheathrot
paddy,redclayloam,79,26,91,708,vishakapatanam,kharif,121,sheathblight
paddy,redclayloam,67,29,90,703,vishakapatanam,kharif,121,falsesmut
paddy,redclayloam,55,28,86,713,vishakapatanam,kharif,121,udbattadisease
paddy,redclayloam,69,30,91,720,vishakapatanam,kharif,121,stackburn
paddy,redclayloam,80,29,89,713,vishakapatanam,kharif,121,stemrot
paddy,redclayloam,85,31,88,710,vishakapatanam,kharif,121,footrot
paddy,redclayloam,87,27,82,713,vishakapatanam,kharif,121,bacterialleafblight
paddy,redclayloam,88,31,86,713,vishakapatanam,kharif,121,bacterialleafstrike
paddy,redclayloam,70,31,72,713,vishakapatanam,kharif,121,ricetungrodisease
paddy,redsoil,75,29,85,251,kadapa,rabi,71,bacterialpanicleblight
paddy,blacksoil,72,30,85,394,kadapa,kharif,46,sheathblight
paddy,redsoil,68,31,83,394,kadapa,kharif,51,brownspot
paddy,redsoil,74,32,82,394,kadapa,kharif,61,blast
paddy,blacksoil,75,29,87,394,kadapa,kharif,66,falsesmut
paddy,redsoil,70,30,88,394,kadapa,kharif,71,bacterialleafblight
paddy,sandysoil,66,31,79,394,kadapa,kharif,76,ricetungrodisease
paddy,blacksoil,72,28,81,394,kadapa,kharif,61,sheathrot
paddy,redsoil,69,27,83,394,kadapa,kharif,51,bacterialleafstreak
paddy,redsoil,73,30,85,394,kadapa,kharif,71,stemrot
paddy,sandysoil,67,31,84,394,kadapa,kharif,61,grassystuntdisease
paddy,blacksoil,70,26,80,251,kadapa,rabi,51,bacterialleafstreak
paddy,redsoil,74,27,82,251,kadapa,rabi,61,sheathblight
paddy,blacksoil,76,28,84,251,kadapa,rabi,66,blast
paddy,redsoil,72,29,86,251,kadapa,rabi,71,falsesmut
paddy,redsoil,70,28,83,251,kadapa,rabi,61,footrot
paddy,sandysoil,65,30,81,251,kadapa,rabi,56,stackburn
paddy,blacksoil,78,31,88,251,kadapa,rabi,61,neckblast
paddy,redloams,63,28,81,410,chittoor,rabi,66,neckblast
paddy,redloams,78,30,88,410,chittoor,kharif,46,sheathrot
paddy,redsandy,70,32,85,420,chittoor,kharif,56,brownspot
paddy,claysoils,85,29,91,455,chittoor,kharif,76,falsesmut
paddy,redloams,68,31,82,430,chittoor,kharif,61,bacterialleafblight
paddy,redclay,65,33,78,400,chittoor,kharif,41,blast
paddy,redloams,72,30,86,390,chittoor,rabi,51,bacterialleafstreak
paddy,redsandy,69,29,84,405,chittoor,rabi,66,sheathblight
paddy,redclayloam,80,31,90,450,chittoor,rabi,61,stemrot
paddy,claysoils,82,28,93,470,chittoor,rabi,86,falsesmut
paddy,redsandy,66,32,80,385,chittoor,rabi,56,brownspot
paddy,blacksoil,85,30,89,455,kurnool,kharif,71,footrot
paddy,blacksoil,80,29,85,455,kurnool,kharif,46,bacterialleafblight
paddy,redsoil,72,30,83,455,kurnool,kharif,56,brownspot
paddy,blacksoil,78,31,88,455,kurnool,kharif,61,sheathrot
paddy,blacksoil,84,30,87,455,kurnool,kharif,71,sheathblight
paddy,redsoil,75,28,82,455,kurnool,kharif,51,blast
paddy,blacksoil,88,29,90,455,kurnool,kharif,66,falsesmut
paddy,redsoil,74,27,80,455,kurnool,kharif,61,stemrot
paddy,blacksoil,69,26,78,455,kurnool,kharif,46,bacterialleafstreak
paddy,redsoil,77,28,84,455,kurnool,kharif,56,ricetungrodisease
paddy,blacksoil,63,30,81,328,anantapur,kharif,81,stemrot
paddy,shallowredsoil,58,29,78,328,anantapur,kharif,46,brownspot
paddy,shallowredsoil,60,30,80,328,anantapur,kharif,51,blast
paddy,blacksoil,64,31,82,328,anantapur,kharif,61,sheathrot
paddy,shallowredsoil,62,28,77,328,anantapur,kharif,56,bacterialleafstreak
paddy,blacksoil,66,30,79,328,anantapur,kharif,66,falsesmut
paddy,shallowredsoil,68,32,84,328,anantapur,kharif,71,sheathblight
paddy,shallowredsoil,65,33,76,328,anantapur,kharif,76,bacterialleafblight
paddy,redloams,66,31,90,328,anantapur,kharif,76,bacterialpanicleblight
paddy,clayloam,82,31,85,792,westgodavari,kharif,71,neckblast
paddy,alluvialsoils,80,30,86,720,krishna,kharif,66,neckblast
paddy,redclayloam,78,30,87,713,visakhapatnam,kharif,66,neckblast
paddy,blackcottonsoils,75,29,88,500,guntur,rabi,36,footrot
paddy,blacksoil,70,30,85,455,kurnool,kharif,41,footrot
paddy,redsoil,66,29,82,394,kadapa,rabi,36,footrot
paddy,clayloam,76,28,88,260,krishna,rabi,61,leafscald
paddy,alluvialsoils,78,28,85,450,guntur,rabi,61,leafscald
paddy,redloams,74,30,88,410,chittoor,rabi,61,bacterialpanicleblight
groundnut,redsoils,62,29,75,277,srikakulam,rabi,66,rust
groundnut,redsoils,82,30,88,705,srikakulam,kharif,56,tikkaleafspots
groundnut,redsoils,80,29,86,705,srikakulam,kharif,61,earlyleafspot
groundnut,redsoils,78,31,87,705,srikakulam,kharif,66,lateleafspot
groundnut,redsoils,76,32,85,705,srikakulam,kharif,71,rust
groundnut,redsoils,74,30,83,705,srikakulam,kharif,51,collarrot
groundnut,redsoils,73,31,84,705,srikakulam,kharif,61,rootrot
groundnut,redsoils,72,30,82,705,srikakulam,kharif,66,groundnutbudnecrosisdisease
groundnut,redsoils,71,28,80,705,srikakulam,kharif,56,rosette
groundnut,redsoils,70,29,81,705,srikakulam,kharif,61,stemrot
groundnut,redsoils,69,31,83,705,srikakulam,kharif,66,yellowmould
groundnut,redsoils,68,32,84,705,srikakulam,kharif,71,greymould
groundnut,redsoils,67,30,86,705,srikakulam,kharif,76,bacterialwilt
groundnut,redsoils,66,28,80,705,srikakulam,kharif,51,anthracnose
groundnut,redsoils,65,30,85,705,srikakulam,kharif,61,indianpeanutclumpdisease
groundnut,redsoils,70,27,72,277,srikakulam,rabi,61,tikkaleafspots
groundnut,redsoils,68,28,75,277,srikakulam,rabi,66,earlyleafspot
groundnut,redsoils,66,29,76,277,srikakulam,rabi,71,lateleafspot
groundnut,redsoils,64,30,78,277,srikakulam,rabi,61,collarrot
groundnut,redsoils,63,28,74,277,srikakulam,rabi,56,rootrot
groundnut,redsandyloams,70,29,85,692,vizayanagaram,kharif,66,tikkaleafspots
groundnut,redsandyclayloams,72,30,84,692,vizayanagaram,kharif,61,earlyleafspot
groundnut,redloamysandysoils,71,31,83,692,vizayanagaram,kharif,71,lateleafspot
groundnut,clayloam,69,28,82,692,vizayanagaram,kharif,76,rust
groundnut,redsandyclayloams,68,32,80,692,vizayanagaram,kharif,56,rosette
groundnut,redsandyloams,67,30,78,692,vizayanagaram,kharif,61,budnecrosis
groundnut,sandysoils,65,33,76,692,vizayanagaram,kharif,71,rootrot
groundnut,redloamysandysoils,66,29,75,692,vizayanagaram,kharif,66,collarrot
groundnut,redsandyloams,70,30,77,246,vizayanagaram,rabi,61,tikkaleafspots
groundnut,clay,71,28,80,246,vizayanagaram,rabi,66,lateleafspot
groundnut,redsandyclayloams,72,30,82,246,vizayanagaram,rabi,71,budnecrosis
groundnut,sandysoils,68,31,81,246,vizayanagaram,rabi,56,stemrot
groundnut,redloamysandysoils,70,29,83,246,vizayanagaram,rabi,51,anthracnose
groundnut,redclayloams,70,29,88,713,visakhapatnam,kharif,61,tikkaleafspots
groundnut,redsandyloams,72,30,85,713,visakhapatnam,kharif,66,rust
groundnut,redclayloams,68,31,84,713,visakhapatnam,kharif,71,collarrot
groundnut,redsandyloams,66,32,82,713,visakhapatnam,kharif,76,lateleafspot
groundnut,coastalsandysoils,64,30,80,713,visakhapatnam,kharif,61,groundnutbudnecrosisdisease
groundnut,redclayloams,67,28,87,713,visakhapatnam,kharif,56,earlyleafspot
groundnut,redsandyloams,70,29,86,713,visakhapatnam,kharif,51,rootrot
groundnut,redclayloams,65,31,88,713,visakhapatnam,kharif,66,stemrot
groundnut,redsandyloams,69,30,89,713,visakhapatnam,kharif,61,anthracnose
groundnut,redclayloams,71,30,90,713,visakhapatnam,kharif,71,rosette
groundnut,clayloamysoils,30,28,80,760,eastgodavari,kharif,46,tikkaleafspots
groundnut,redsandyloams,25,27,78,760,eastgodavari,kharif,51,earlyleafspot
groundnut,sandyclayloams,22,29,81,760,eastgodavari,kharif,61,lateleafspot
groundnut,clayloamysoils,32,30,85,760,eastgodavari,kharif,66,rust
groundnut,sandyclayloams,20,25,75,304,eastgodavari,rabi,31,collarrot
groundnut,clayloamysoils,28,24,72,304,eastgodavari,rabi,41,rootrot
groundnut,redsandyloams,24,23,70,304,eastgodavari,rabi,51,groundnutbudnecrosisdisease
groundnut,sandyclayloams,26,26,73,304,eastgodavari,rabi,56,stemrot
groundnut,clayloamysoils,29,25,74,304,eastgodavari,rabi,61,wilt
groundnut,redsandyloams,21,24,71,304,eastgodavari,rabi,41,anthracnose
groundnut,redsandyloams,70,30,85,792,westgodavari,kharif,71,tikkaleafspots
groundnut,redsandyloams,74,31,88,792,westgodavari,kharif,66,earlyleafspot
groundnut,redsandyloams,76,29,90,792,westgodavari,kharif,81,rust
groundnut,clayloams,78,28,92,792,westgodavari,kharif,86,collarrot
groundnut,clayloams,75,27,88,792,westgodavari,kharif,91,groundnutbudnecrosisdisease
groundnut,deltaicalluvial,72,30,87,792,westgodavari,kharif,71,rosette
groundnut,sandyalluvial,68,32,80,792,westgodavari,kharif,61,tikkaleafspots
groundnut,clayloams,73,28,85,239,westgodavari,rabi,61,lateleafspot
groundnut,redsandyloams,71,26,80,239,westgodavari,rabi,76,collarrot
groundnut,redsandyloams,69,27,78,239,westgodavari,rabi,71,rust
groundnut,clayloams,75,25,82,239,westgodavari,rabi,66,stemrot
groundnut,deltaicalluvial,74,25,85,239,westgodavari,rabi,61,tikkaleafspots
groundnut,redsandyloams,70,28,84,239,westgodavari,rabi,86,groundnutbudnecrosisdisease
groundnut,blackcottonsoils,74,29,88,685,krishna,kharif,71,tikkaleafspots
groundnut,blackcottonsoils,76,30,90,685,krishna,kharif,66,rust
groundnut,redloams,72,28,85,685,krishna,kharif,61,collarrot
groundnut,sandyclayloams,70,27,82,685,krishna,kharif,71,earlyleafspot
groundnut,redloams,73,29,87,685,krishna,kharif,76,groundnutbudnecrosisdisease
groundnut,sandyclayloams,71,30,86,685,krishna,kharif,69,rosette
groundnut,blackcottonsoils,76,26,80,250,krishna,rabi,71,lateleafspot
groundnut,blackcottonsoils,75,25,82,250,krishna,rabi,66,collarrot
groundnut,redloams,74,27,81,250,krishna,rabi,61,tikkaleafspots
groundnut,sandyclayloams,72,26,83,250,krishna,rabi,71,stemrot
groundnut,redloams,70,28,85,250,krishna,rabi,73,groundnutbudnecrosisdisease
groundnut,shallowredsoils,70,30,85,388,prakasam,kharif,71,tikkaleafspots
groundnut,deepblackcottonsoils,68,29,82,388,prakasam,kharif,61,collarrot
groundnut,shallowredsoils,72,28,84,393,prakasam,rabi,76,rust
groundnut,deepblackcottonsoils,66,30,78,393,prakasam,rabi,81,rosette
groundnut,sandyloamysoils,70,32,80,393,prakasam,rabi,66,groundnutbudnecrosisdisease
groundnut,redloams,69,30,81,388,prakasam,kharif,69,earlyleafspot
groundnut,blackcottonsoils,67,31,83,393,prakasam,rabi,73,lateleafspot
groundnut,sandyloamysoils,65,31,79,393,prakasam,rabi,71,stemrot
groundnut,redloams,68,29,88,438,chittoor,kharif,61,earlyleafspot
groundnut,redloams,72,30,91,438,chittoor,kharif,71,tikkadisease
groundnut,redsandy,66,31,85,438,chittoor,kharif,66,collarrot
groundnut,redloams,60,28,80,396,chittoor,rabi,56,rosette
groundnut,redloams,62,27,83,396,chittoor,rabi,61,budnecrosis
groundnut,sandyclayloams,64,28,82,396,chittoor,rabi,66,leafspot
groundnut,redsoils,60,29,78,665,nellore,kharif,31,nomajordisease
groundnut,redsoils,60,29,78,665,nellore,kharif,66,stemrot
groundnut,blackcottonsoils,80,30,90,665,nellore,rabi,66,rootrot
groundnut,coastalsandysoils,60,32,85,665,nellore,kharif,51,collarrot
groundnut,redsoils,70,31,88,665,nellore,rabi,71,tikkaleafspot
groundnut,redsoils,68,30,88,665,nellore,kharif,61,rust
groundnut,blackcottonsoils,80,33,78,665,nellore,kharif,41,budnecrosisvirus
groundnut,blacksoils,65,30,85,394,kadapa,kharif,71,tikkaleafspot
groundnut,redsoils,60,31,80,394,kadapa,kharif,66,rust
groundnut,sandsalinesoils,45,32,70,394,kadapa,kharif,61,collarrot
groundnut,redsoils,55,29,78,251,kadapa,rabi,76,lateleafspot
groundnut,blacksoils,62,28,82,251,kadapa,rabi,61,earlyleafspot
groundnut,redsoils,52,27,70,48,kadapa,suer,46,rootrot
groundnut,sandsalinesoils,40,33,65,48,kadapa,suer,51,dryrootrot
groundnut,blacksoils,68,30,88,700,kadapa,kharif,81,rust
groundnut,redsoils,68,33,70,328,anantapur,kharif,61,earlyleafspot
groundnut,blacksoils,65,34,68,328,anantapur,kharif,76,lateleafspot
groundnut,redsoils,58,32,60,154,anantapur,rabi,51,rust
groundnut,redsoils,60,33,55,328,anantapur,kharif,36,collarrot
groundnut,blacksoils,70,34,65,328,anantapur,kharif,66,rootrot
groundnut,sandysoils,50,31,55,154,anantapur,rabi,46,rust
groundnut,redsoils,72,33,72,328,anantapur,kharif,71,dryrootrot
groundnut,blacksoils,60,34,66,328,anantapur,rabi,61,leafspot
groundnut,redsoils,55,32,60,328,anantapur,kharif,41,rust
groundnut,sandysoils,45,30,50,154,anantapur,rabi,36,collarrot
groundnut,blacksoils,65,30,85,455,kurnool,kharif,66,leafspot
groundnut,redsoils,60,31,82,440,kurnool,kharif,61,collarrot
groundnut,blacksoils,70,29,87,455,kurnool,kharif,71,rust
groundnut,redsoils,55,32,80,420,kurnool,kharif,56,stemrot
groundnut,blacksoils,45,26,70,149,kurnool,rabi,61,tikkaleafspot
groundnut,redsoils,50,27,72,140,kurnool,rabi,59,rootrot
groundnut,blacksoils,42,25,68,130,kurnool,rabi,56,collarrot
groundnut,redsoils,48,26,66,135,kurnool,rabi,53,rust
sunflower,blacksoil,42,31,66,455,kurnool,kharif,81,rust
sunflower,redsoil,39,30,63,149,kurnool,rabi,96,alternarialeafspot
sunflower,clayloam,43,36,68,55,kurnool,suer,66,powderymildew
cotton,blacksoil,48,33,72,455,kurnool,kharif,121,leafcurlvirus
cotton,loamysoil,50,35,74,455,kurnool,kharif,111,bacterialblight
redgram,redsoil,34,30,60,455,kurnool,kharif,86,sterilitymosaicvirus
redgram,blacksoil,36,31,64,149,kurnool,rabi,101,wilt
maize,blacksoil,45,32,70,455,kurnool,kharif,91,leafblight
maize,redsoil,43,31,66,149,kurnool,rabi,96,turcicumleafblight
castor,redsoil,38,35,66,455,kurnool,kharif,71,alternariablight
castor,loamysoil,40,32,68,149,kurnool,rabi,76,cercosporaleafspot
sorghum,blacksoil,46,33,70,455,kurnool,kharif,73,anthracnose
sorghum,redsoil,43,31,64,149,kurnool,rabi,79,zonateleafspot
greengram,redsoil,39,31,66,455,kurnool,kharif,61,yellowmosaicvirus
greengram,sandyloam,35,29,63,149,kurnool,rabi,63,cercosporaleafspot
bengalgram,blacksoil,36,27,60,149,kurnool,rabi,99,collarrot
bengalgram,clayloam,33,25,55,149,kurnool,rabi,106,ascochytablight
bajra,sandysoil,40,37,70,55,kurnool,suer,53,downymildew
bajra,redsandyloam,38,36,68,55,kurnool,suer,57,smut
sunflower,blacksoil,40,30,65,455,kurnool,kharif,76,rust
sunflower,redsoil,36,32,62,149,kurnool,rabi,93,alternarialeafspot
sunflower,clayloam,43,36,68,55,kurnool,suer,61,powderymildew
cotton,blacksoil,46,33,73,455,kurnool,kharif,116,leafcurlvirus
cotton,loamysoil,48,34,75,455,kurnool,kharif,111,myrotheciumleafspot
redgram,blacksoil,35,30,64,455,kurnool,kharif,86,sterilitymosaicvirus
redgram,redsoil,33,29,60,149,kurnool,rabi,101,wilt
redgram,loamysoil,32,28,58,149,kurnool,rabi,106,dryrootrot
redgram,redsandyloam,34,30,61,455,kurnool,kharif,91,phyllody
maize,blacksoil,45,32,68,455,kurnool,kharif,89,polysorarust
maize,redsoil,43,30,65,149,kurnool,rabi,96,turcicumleafblight
maize,claysoil,44,34,72,455,kurnool,kharif,91,charcoalrot
castor,redsoil,38,34,66,455,kurnool,kharif,73,alternariablight
castor,blacksoil,40,32,68,149,kurnool,rabi,79,cercosporaleafspot
sorghum,blacksoil,45,33,72,455,kurnool,kharif,71,anthracnose
sorghum,redsandyloam,42,31,68,149,kurnool,rabi,79,zonateleafspot
sorghum,redsoil,43,32,70,455,kurnool,kharif,73,smut
greengram,sandyloam,38,31,66,455,kurnool,kharif,61,yellowmosaicvirus
greengram,redsoil,35,28,60,149,kurnool,rabi,66,anthracnose
bengalgram,blacksoil,36,26,58,149,kurnool,rabi,101,collarrot
bengalgram,clayloam,34,25,55,149,kurnool,rabi,106,ascochytablight
bajra,sandysoil,40,37,70,55,kurnool,suer,53,downymildew
bajra,redsandyloam,38,36,68,55,kurnool,suer,59,smut
sunflower,shallowredsoil,35,32,55,328,ananthapur,kharif,61,rootrot
sunflower,shallowredsoil,40,34,60,154,ananthapur,rabi,76,rust
sunflower,blacksoil,45,36,65,74,ananthapur,suer,46,headrot
sunflower,shallowredsoil,38,33,58,300,ananthapur,kharif,81,leafblight
sunflower,blacksoil,42,35,62,350,ananthapur,rabi,71,powderymildew
bengalgram,blacksoil,30,28,50,154,ananthapur,rabi,101,ascochytablight
bengalgram,shallowredsoil,33,26,52,120,ananthapur,rabi,111,wilt
bengalgram,blacksoil,36,25,55,120,ananthapur,rabi,96,stuntdisease
bengalgram,shallowredsoil,28,27,48,100,ananthapur,rabi,106,collarrot
bengalgram,blacksoil,40,24,60,130,ananthapur,rabi,116,footrot
sorghum,shallowredsoil,42,34,65,328,ananthapur,kharif,66,downymildew
sorghum,blacksoil,45,36,70,154,ananthapur,rabi,81,leafblight
sorghum,shallowredsoil,38,35,62,300,ananthapur,kharif,71,anthracnose
sorghum,blacksoil,50,33,75,350,ananthapur,rabi,91,grainsmut
sorghum,shallowredsoil,43,32,68,400,ananthapur,kharif,76,ergot
redgram,shallowredsoil,35,33,60,328,ananthapur,kharif,86,wilt
redgram,blacksoil,32,30,55,154,ananthapur,rabi,101,dryrootrot
redgram,shallowredsoil,40,31,65,300,ananthapur,kharif,91,sterilitymosaic
redgram,blacksoil,37,29,58,350,ananthapur,rabi,111,powderymildew
redgram,shallowredsoil,45,32,70,400,ananthapur,kharif,96,stemblight
cotton,blacksoil,50,36,75,328,ananthapur,kharif,121,leafcurlvirus
cotton,shallowredsoil,48,38,72,154,ananthapur,rabi,91,bollrot
cotton,blacksoil,52,37,78,300,ananthapur,kharif,111,verticilliumwilt
cotton,shallowredsoil,47,35,70,350,ananthapur,kharif,101,greymildew
cotton,blacksoil,45,34,76,400,ananthapur,kharif,106,bacterialblight
ragi,shallowredsoil,55,30,80,328,ananthapur,kharif,51,blast
ragi,blacksoil,52,28,78,154,ananthapur,rabi,71,mosaic
ragi,shallowredsoil,58,32,85,300,ananthapur,kharif,61,mottlestreak
maize,shallowredsoil,40,32,60,328,ananthapur,kharif,81,downymildew
maize,blacksoil,42,33,65,350,ananthapur,kharif,86,sorghumdownymildew
maize,shallowredsoil,38,31,58,300,ananthapur,kharif,76,philippinedownymildew
maize,blacksoil,45,35,68,320,ananthapur,kharif,91,crazytop
maize,shallowredsoil,43,30,70,328,ananthapur,kharif,79,leafblight
maize,blacksoil,44,34,72,310,ananthapur,kharif,89,rust
maize,shallowredsoil,41,32,65,340,ananthapur,kharif,83,headsmut
maize,blacksoil,46,36,73,330,ananthapur,kharif,96,charcoalrot
maize,shallowredsoil,39,31,64,154,ananthapur,rabi,101,bacterialstalkrot
maize,blacksoil,36,28,60,150,ananthapur,rabi,106,mosaic
maize,shallowredsoil,35,29,58,130,ananthapur,rabi,99,brownspot
redgram,redloams,35,32,60,438,chittoor,kharif,86,wilt
redgram,redsandy,32,31,58,420,chittoor,kharif,91,dryrootrot
redgram,redclay,38,30,65,400,chittoor,kharif,96,powderymildew
redgram,redloams,36,33,62,430,chittoor,kharif,89,leafspot
redgram,redsandy,40,34,68,396,chittoor,rabi,101,sterilitymosaicdisease
redgram,redloams,39,29,63,380,chittoor,rabi,111,stemblight
redgram,redsandy,30,28,55,350,chittoor,rabi,106,brownblotch
redgram,claysoils,41,30,67,390,chittoor,rabi,99,haloblight
redgram,redclay,34,31,60,370,chittoor,rabi,103,anthracnose
redgram,redloams,37,33,65,410,chittoor,kharif,94,seedlingblight
redgram,redsandy,42,32,66,400,chittoor,kharif,88,stemrot
sunflower,redloams,38,32,60,438,chittoor,kharif,76,rootrot
sunflower,redsandy,35,34,63,396,chittoor,rabi,86,rust
sunflower,claysoils,42,36,67,390,chittoor,rabi,66,headrot
sunflower,redclay,40,33,62,420,chittoor,kharif,71,leafblight
sunflower,redsandy,37,30,58,430,chittoor,kharif,81,powderymildew
sunflower,redloams,36,31,60,400,chittoor,kharif,69,basalrot
sunflower,redclay,39,32,61,396,chittoor,rabi,79,necrosis
redgram,redsoil,36,32,60,394,kadapa,kharif,86,wilt
redgram,blacksoil,38,31,58,420,kadapa,kharif,96,dryrootrot
redgram,redsoil,42,30,65,430,kadapa,kharif,101,powderymildew
redgram,blacksoil,40,29,68,450,kadapa,kharif,106,stemblight
redgram,redsoil,35,28,55,370,kadapa,kharif,91,sterilitymosaicdisease
redgram,redsoil,30,27,52,280,kadapa,kharif,71,leafspot
redgram,blacksoil,33,26,50,310,kadapa,kharif,61,seedlingblight
redgram,redsoil,34,28,53,300,kadapa,kharif,76,brownblotch
redgram,blacksoil,37,30,60,410,kadapa,kharif,81,anthracnose
redgram,redsoil,39,31,63,440,kadapa,kharif,101,haloblight
sunflower,redsoil,38,34,60,394,kadapa,kharif,66,rootrot
sunflower,blacksoil,40,32,58,420,kadapa,kharif,76,leafblight
sunflower,redsoil,36,33,65,380,kadapa,kharif,71,rust
sunflower,blacksoil,42,35,66,400,kadapa,kharif,81,headrot
sunflower,redsoil,44,31,70,430,kadapa,kharif,91,powderymildew
sunflower,redsoil,37,30,62,370,kadapa,kharif,61,basalrot
sunflower,blacksoil,35,29,55,360,kadapa,kharif,51,necrosis
sunflower,redsoil,39,28,54,350,kadapa,kharif,56,rust
sunflower,blacksoil,45,30,68,440,kadapa,kharif,86,leafblight
sunflower,redsoil,43,32,66,450,kadapa,kharif,96,headrot
bengalgram,blacksoil,34,25,58,90,kadapa,rabi,101,ascochytablight
bengalgram,redsoil,30,27,52,110,kadapa,rabi,96,rust
bengalgram,redsoil,28,24,50,130,kadapa,rabi,91,wilt
bengalgram,blacksoil,35,26,60,80,kadapa,rabi,106,stuntdisease
bengalgram,blacksoil,38,25,62,100,kadapa,rabi,111,collarrot
bengalgram,redsoil,40,23,63,120,kadapa,rabi,116,footrot
bengalgram,blacksoil,36,24,55,70,kadapa,rabi,101,stemrot
bengalgram,redsoil,33,26,56,85,kadapa,rabi,91,bacterialleafblight
bengalgram,blacksoil,32,27,54,65,kadapa,rabi,99,beancoonmosaicvirus
cotton,blacksoil,52,36,78,394,kadapa,kharif,116,verticilliumwilt
cotton,redsoil,45,34,72,350,kadapa,kharif,106,bollrot
cotton,blacksoil,48,35,76,400,kadapa,kharif,121,bacterialblight
cotton,redsoil,43,33,70,300,kadapa,kharif,111,greymildew
cotton,blacksoil,50,37,80,394,kadapa,kharif,101,anthracnose
cotton,redsoil,40,32,65,390,kadapa,kharif,99,leafblight
cotton,blacksoil,55,35,75,410,kadapa,kharif,109,leafcurldisease
cotton,redsoil,42,31,68,370,kadapa,kharif,104,sootymould
cotton,blacksoil,47,34,71,384,kadapa,kharif,113,rootrot
cotton,redsoil,46,36,74,398,kadapa,kharif,118,myrotheciumleafspot
cotton,blacksoil,49,33,70,390,kadapa,kharif,100,stenosis
cotton,redsoil,50,32,66,365,kadapa,kharif,108,leafspot
sesamum,blacksoil,45,34,68,394,kadapa,kharif,61,rootrot
sesamum,redsoil,42,33,65,380,kadapa,kharif,51,leafblight
sesamum,blacksoil,48,35,70,410,kadapa,kharif,71,wilt
sesamum,redsoil,40,32,62,360,kadapa,kharif,56,leafspot
sesamum,blacksoil,46,34,66,420,kadapa,kharif,66,powderymildew
sesamum,redsoil,43,33,67,394,kadapa,kharif,61,bacterialleafspot
sesamum,blacksoil,47,35,64,400,kadapa,kharif,76,phyllody
sesamum,redsoil,41,33,63,370,kadapa,kharif,59,stemblight
sesamum,blacksoil,44,32,61,360,kadapa,kharif,63,charcoalrot
sesamum,redsoil,42,34,60,380,kadapa,kharif,51,anthracnose
coriander,blacksoil,38,25,52,30,kadapa,rabi,46,stemgall
coriander,redsoil,35,26,50,28,kadapa,rabi,61,powderymildew
coriander,blacksoil,40,24,55,43,kadapa,rabi,41,fusariumwilt
coriander,redsoil,36,27,48,49,kadapa,rabi,56,alternarialeafblight
coriander,blacksoil,33,28,46,37,kadapa,rabi,51,rootrot
coriander,redsoil,37,26,51,21,kadapa,rabi,66,bacterialleafspot
coriander,redsoil,32,25,44,26,kadapa,rabi,31,cercosporaleafspot
coriander,blacksoil,34,26,47,18,kadapa,rabi,26,anthracnose
coriander,redsoil,39,27,53,39,kadapa,rabi,21,dampingoff
coriander,blacksoil,35,28,49,30,kadapa,rabi,16,seedrot
blackgram,redsoil,55,26,80,88,nellore,rabi,36,yellowmosaicdisease
blackgram,coastalsandysoil,50,27,75,72,nellore,rabi,41,powderymildew
blackgram,redsoil,65,25,85,110,nellore,rabi,51,leafcrinkledisease
blackgram,coastalsandysoil,48,28,78,95,nellore,rabi,61,rust
blackgram,redsoil,58,26,82,92,nellore,rabi,56,anthracnose
blackgram,coastalsandysoil,52,27,76,80,nellore,rabi,46,leafspot
blackgram,redsoil,60,25,83,105,nellore,rabi,66,dryrootrot
blackgram,redsoil,57,26,81,97,nellore,rabi,31,leafcurlnecrosis
blackgram,coastalsandysoil,53,27,77,85,nellore,rabi,39,ascochytaleafspot
blackgram,redsoil,59,26,80,90,nellore,rabi,43,bacterialblight
bengalgram,redsoil,50,26,78,90,nellore,rabi,41,ascochytablight
bengalgram,coastalsandysoil,47,25,80,82,nellore,rabi,46,collarrot
bengalgram,redsoil,60,24,84,98,nellore,rabi,56,rust
bengalgram,redsoil,65,23,85,105,nellore,rabi,66,wilt
bengalgram,coastalsandysoil,53,26,76,86,nellore,rabi,36,stuntdisease
bengalgram,redsoil,58,25,79,88,nellore,rabi,51,footrot
bengalgram,redsoil,62,24,82,100,nellore,rabi,59,stemrot
bengalgram,coastalsandysoil,51,25,77,84,nellore,rabi,44,bacterialleafblight
bengalgram,redsoil,55,27,75,78,nellore,rabi,39,beancoonmosaicvirus
bengalgram,redsoil,59,26,81,92,nellore,rabi,61,ascochytablight
sunflower,redsoil,58,27,82,92,nellore,rabi,41,leafblight
sunflower,coastalsandysoil,52,28,78,85,nellore,rabi,46,rootrotorcharcoalrot
sunflower,redsoil,60,26,83,99,nellore,rabi,56,rust
sunflower,redsoil,61,25,84,103,nellore,rabi,51,powderymildew
sunflower,coastalsandysoil,50,29,75,87,nellore,rabi,61,headrot
sunflower,redsoil,63,24,85,108,nellore,rabi,66,basalrot
sunflower,redsoil,56,26,80,91,nellore,rabi,43,necrosis
sunflower,coastalsandysoil,53,27,77,82,nellore,rabi,39,leafblight
sunflower,redsoil,59,25,81,95,nellore,rabi,48,rust
sunflower,coastalsandysoil,51,28,76,89,nellore,rabi,37,rootrotorcharcoalrot
tobacco,redsoil,55,26,80,92,nellore,rabi,29,dampingoff
tobacco,coastalsandysoil,50,27,75,85,nellore,rabi,36,blackshank
tobacco,redsoil,60,25,84,98,nellore,rabi,41,frogeyespot
tobacco,redsoil,58,26,82,95,nellore,rabi,51,powderymildew
tobacco,coastalsandysoil,53,27,78,88,nellore,rabi,46,brownspot
tobacco,redsoil,61,24,85,102,nellore,rabi,56,anthracnose
tobacco,redsoil,56,25,81,91,nellore,rabi,39,wildfire
tobacco,coastalsandysoil,52,26,77,83,nellore,rabi,31,tobaccomosaic
tobacco,redsoil,59,25,83,96,nellore,rabi,43,leafcurl
tobacco,redsoil,62,24,84,100,nellore,rabi,61,broomrape
cotton,redsoil,56,27,80,90,nellore,rabi,41,leafcurldisease
cotton,coastalsandysoil,52,28,78,84,nellore,rabi,39,bacterialblight
cotton,redsoil,60,26,82,95,nellore,rabi,51,bollrot
cotton,redsoil,62,25,85,102,nellore,rabi,59,verticilliumwilt
cotton,coastalsandysoil,53,29,75,86,nellore,rabi,43,greyorareolatemildew
cotton,redsoil,61,25,83,98,nellore,rabi,46,anthracnose
cotton,coastalsandysoil,50,27,77,88,nellore,rabi,37,leafspot
cotton,redsoil,59,26,79,91,nellore,rabi,61,rust
cotton,redsoil,63,25,84,100,nellore,rabi,71,myrotheciumleafspot
cotton,redsoil,58,27,80,93,nellore,rabi,66,stenosisorsmallleaf
sesamum,redsoil,55,27,80,90,nellore,rabi,41,leafblight
sesamum,coastalsandysoil,52,28,78,84,nellore,rabi,39,rootrot
sesamum,redsoil,60,26,82,95,nellore,rabi,51,phyllody
sesamum,redsoil,62,25,85,102,nellore,rabi,56,bacterialleafspot
sesamum,coastalsandysoil,53,29,75,86,nellore,rabi,43,leafspot
sesamum,redsoil,61,25,83,98,nellore,rabi,46,powderymildew
sesamum,coastalsandysoil,50,27,77,88,nellore,rabi,37,stemblight
sesamum,redsoil,59,26,79,91,nellore,rabi,61,wilt
sesamum,redsoil,63,25,84,100,nellore,rabi,66,bacterialleafspot
sesamum,redsoil,58,27,80,93,nellore,rabi,49,anthracnose
greengram,redsoil,56,27,80,92,nellore,rabi,39,powderymildew
greengram,coastalsandysoil,53,28,78,88,nellore,rabi,41,anthracnose
greengram,redsoil,60,26,82,95,nellore,rabi,46,yellowmosaicdisease
greengram,redsoil,61,25,84,102,nellore,rabi,51,leafcrinkledisease
greengram,coastalsandysoil,52,29,75,86,nellore,rabi,36,leafspot
greengram,redsoil,63,25,83,98,nellore,rabi,56,rust
greengram,redsoil,58,27,80,93,nellore,rabi,61,dryrootrot
greengram,redsoil,59,26,79,91,nellore,rabi,43,leafcurlnecrosis
greengram,redsoil,54,27,81,90,nellore,rabi,37,ascochytaleafspot
greengram,coastalsandysoil,55,28,78,85,nellore,rabi,49,bacterialblight
maize,redsoil,58,27,80,95,nellore,rabi,41,downymildew
maize,coastalsandysoil,54,28,78,90,nellore,rabi,39,sorghumdownymildew
maize,redsoil,61,26,83,98,nellore,rabi,46,philippinedownymildew
maize,coastalsandysoil,53,29,77,88,nellore,rabi,37,crazytop
maize,redsoil,60,25,85,100,nellore,rabi,51,leafblight
maize,redsoil,57,27,81,92,nellore,rabi,56,rust
maize,redsoil,59,26,82,94,nellore,rabi,61,headsmut
maize,coastalsandysoil,55,28,79,89,nellore,rabi,43,charcoalrot
maize,redsoil,62,25,84,101,nellore,rabi,49,bacterialstalkrot
maize,redsoil,56,27,80,93,nellore,rabi,36,mosaic
maize,coastalsandysoil,53,28,78,86,nellore,rabi,45,brownspot
mesta,redsoil,58,30,78,102,srikakulam,kharif,41,aphid
mesta,brownforestsoil,54,31,75,96,srikakulam,kharif,51,greensemilooper
mesta,redsoil,60,30,80,104,srikakulam,kharif,56,mealybug
mesta,alluvialsoil,52,29,72,99,srikakulam,kharif,49,jassid
mesta,redsoil,63,30,82,105,srikakulam,kharif,61,footandstemrot
mesta,blacksoil,61,29,79,98,srikakulam,kharif,59,leafblight
mesta,sandysoil,50,32,70,93,srikakulam,kharif,63,yellowveinmosaicvirus
greengram,redsoil,55,31,80,102,srikakulam,kharif,43,powderymildew
greengram,brownforestsoil,50,30,78,95,srikakulam,kharif,39,anthracnose
greengram,sandysoil,45,32,75,90,srikakulam,kharif,36,rust
greengram,redsoil,60,30,82,104,srikakulam,kharif,51,yellowmosaicdisease
greengram,alluvialsoil,52,29,77,97,srikakulam,kharif,46,leafspot
greengram,blacksoil,58,31,81,99,srikakulam,kharif,49,leafcrinkledisease
greengram,redsoil,62,30,83,101,srikakulam,kharif,56,dryrootrot
greengram,sandysoil,47,32,72,88,srikakulam,kharif,34,leafcurl
greengram,alluvialsoil,50,26,66,72,srikakulam,rabi,41,ascochytaleafspot
greengram,redsoil,53,27,64,76,srikakulam,rabi,43,bacterialblight
blackgram,redsoil,58,30,80,98,srikakulam,kharif,43,powderymildew
blackgram,brownforestsoil,52,29,78,94,srikakulam,kharif,39,anthracnose
blackgram,sandysoil,45,31,76,91,srikakulam,kharif,36,rust
blackgram,redsoil,60,30,82,100,srikakulam,kharif,49,yellowmosaicdisease
blackgram,blacksoil,63,31,85,105,srikakulam,kharif,56,leafcrinkledisease
blackgram,alluvialsoil,50,28,74,92,srikakulam,kharif,45,leafspot
blackgram,redsoil,59,30,83,103,srikakulam,kharif,51,dryrootrot
blackgram,sandysoil,46,32,72,89,srikakulam,kharif,34,leafcurl
blackgram,alluvialsoil,50,26,65,74,srikakulam,rabi,42,ascochytaleafspot
blackgram,redsoil,53,27,63,78,srikakulam,rabi,44,bacterialblight
horsegram,redsoil,48,29,70,84,srikakulam,rabi,41,leafspot
horsegram,brownforestsoil,45,27,68,76,srikakulam,rabi,43,powderymildew
horsegram,sandysoil,38,30,65,70,srikakulam,rabi,39,rust
horsegram,redsoil,51,28,72,85,srikakulam,rabi,46,anthracnose
horsegram,redsoil,52,29,69,88,srikakulam,rabi,51,yellowmosaicdisease
horsegram,sandysoil,40,30,60,68,srikakulam,rabi,36,leafcurl
horsegram,brownforestsoil,46,27,66,72,srikakulam,rabi,42,cercosporaleafspot
horsegram,redsoil,49,28,67,78,srikakulam,rabi,49,collarrot
mesta,redsandyloam,58,30,80,110,vizayanagaram,kharif,46,leafspot
mesta,sandysoil,48,31,78,104,vizayanagaram,kharif,41,stemrot
mesta,clayloam,62,29,82,116,vizayanagaram,kharif,51,anthracnose
mesta,redsandyclayloam,60,28,85,120,vizayanagaram,kharif,43,fusariumwilt
mesta,redloamysandysoils,54,30,78,102,vizayanagaram,kharif,39,yellowveinmosaicvirus
mesta,redsandyloam,59,30,79,108,vizayanagaram,kharif,47,bacterialblight
mesta,clayloam,65,27,88,122,vizayanagaram,kharif,50,rootrot
mesta,sandysoil,50,31,76,98,vizayanagaram,kharif,45,collarrot
greengram,redsandyloam,56,30,82,110,vizayanagaram,rabi,41,powderymildew
greengram,clayloam,60,28,84,115,vizayanagaram,rabi,43,anthracnose
greengram,redsandyclayloam,58,29,80,106,vizayanagaram,rabi,42,leafspot
greengram,redsandyloam,52,31,77,98,vizayanagaram,rabi,46,rust
greengram,redloamysandysoil,46,32,72,90,vizayanagaram,rabi,40,dryrootrot
greengram,redsandyclayloam,53,30,78,102,vizayanagaram,rabi,45,yellowmosaicdisease
greengram,clayloam,61,27,85,117,vizayanagaram,rabi,48,leafcrinkledisease
greengram,sandysoil,50,31,75,95,vizayanagaram,rabi,44,leafcurl
greengram,redsandyloam,55,29,82,108,vizayanagaram,rabi,47,ascochytaleafspot
greengram,clayloam,63,27,88,120,vizayanagaram,rabi,49,bacterialblight
blackgram,redsandyloam,54,29,81,105,vizayanagaram,rabi,42,powderymildew
blackgram,clayloam,61,28,85,118,vizayanagaram,rabi,44,anthracnose
blackgram,redsandyclayloam,58,30,80,112,vizayanagaram,rabi,41,leafspot
blackgram,redsandyloam,52,31,76,95,vizayanagaram,rabi,46,rust
blackgram,sandysoil,47,32,70,90,vizayanagaram,rabi,40,dryrootrot
blackgram,redsandyclayloam,55,30,78,102,vizayanagaram,rabi,45,yellowmosaicdisease
blackgram,clayloam,62,27,86,120,vizayanagaram,rabi,48,leafcrinkledisease
blackgram,sandysoil,49,31,74,93,vizayanagaram,rabi,43,leafcurl
blackgram,redsandyloam,56,29,83,109,vizayanagaram,rabi,47,ascochytaleafspot
blackgram,clayloam,64,27,88,121,vizayanagaram,rabi,49,bacterialblight
sesamum,redsandyloam,51,30,82,108,vizayanagaram,kharif,43,rootrot
sesamum,clayloam,62,28,84,116,vizayanagaram,kharif,46,leafblight
sesamum,redsandyclayloam,56,29,79,103,vizayanagaram,kharif,42,leafspot
sesamum,sandysoil,48,32,72,92,vizayanagaram,kharif,45,wilt
sesamum,redsandyloam,54,30,81,106,vizayanagaram,kharif,40,stemblight
sesamum,clayloam,63,27,86,119,vizayanagaram,kharif,48,powderymildew
sesamum,redsandyclayloam,58,28,83,111,vizayanagaram,kharif,47,bacterialleafspot
sesamum,sandysoil,49,31,75,94,vizayanagaram,kharif,44,phyllody
sesamum,clayloam,64,27,88,121,vizayanagaram,kharif,49,bacterialleafspot
sesamum,redsandyloam,53,29,80,105,vizayanagaram,kharif,41,anthracnose
maize,redsandyloam,58,30,82,108,vizayanagaram,kharif,43,downymildew
maize,redsandyclayloam,56,31,78,112,vizayanagaram,kharif,45,sorghumdownymildew
maize,sandysoil,50,32,76,99,vizayanagaram,kharif,42,philippinedownymildew
maize,clayloam,64,29,85,126,vizayanagaram,kharif,48,crazytop
maize,redsandyloam,61,30,83,117,vizayanagaram,kharif,46,leafblight
maize,clayloam,66,28,87,121,vizayanagaram,kharif,47,rust
maize,sandysoil,53,33,74,102,vizayanagaram,kharif,40,headsmut
maize,redsandyloam,59,31,81,109,vizayanagaram,kharif,44,charcoalrot
maize,clayloam,65,29,86,124,vizayanagaram,kharif,49,bacterialstalkrot
maize,redsandyclayloam,57,30,79,110,vizayanagaram,kharif,43,mosaic
maize,redsandyloam,60,30,82,113,vizayanagaram,kharif,45,brownspot
cotton,redsandyloam,58,31,83,112,vizayanagaram,kharif,43,fusariumwilt
cotton,clayloam,62,29,86,118,vizayanagaram,kharif,47,verticilliumwilt
cotton,redsandyclayloam,55,30,80,109,vizayanagaram,kharif,40,rootrot
cotton,redsandyloam,60,30,82,115,vizayanagaram,kharif,42,anthracnose
cotton,clayloam,64,28,87,124,vizayanagaram,kharif,46,greymildew
cotton,sandysoil,52,32,75,96,vizayanagaram,kharif,39,bollrot
cotton,redsandyloam,59,30,84,111,vizayanagaram,kharif,41,leafblight
cotton,clayloam,65,29,88,127,vizayanagaram,kharif,45,bacterialblight
cotton,redsandyclayloam,57,30,79,105,vizayanagaram,kharif,44,cottonleafcurldisease
cotton,redsandyloam,61,31,81,110,vizayanagaram,kharif,43,stenosis
cotton,redsandyloam,58,30,80,108,vizayanagaram,kharif,41,leafspot
cotton,redsandyloam,60,30,84,114,vizayanagaram,kharif,44,myrotheciumleafspot
cotton,redsandyloam,56,31,78,102,vizayanagaram,kharif,42,rust
cotton,clayloam,66,28,85,125,vizayanagaram,kharif,47,sootymould
ragi,redsandyloam,56,30,82,108,vizayanagaram,kharif,41,blast
ragi,clayloam,61,29,86,116,vizayanagaram,kharif,45,leafspot
ragi,redsandyclayloam,59,31,80,104,vizayanagaram,kharif,43,brownspot
ragi,redsandyloam,54,30,79,102,vizayanagaram,kharif,40,rust
ragi,clayloam,63,29,85,122,vizayanagaram,kharif,44,footrot
ragi,redsandyloam,57,30,84,110,vizayanagaram,kharif,42,seedlingblight
ragi,clayloam,64,28,88,126,vizayanagaram,kharif,46,bacterialleafstreak
ragi,redsandyloam,58,30,80,107,vizayanagaram,kharif,41,mosaic
ragi,redclayloam,57,30,83,110,visakhapatnam,kharif,43,blast
ragi,redsandyloam,54,31,81,105,visakhapatnam,kharif,41,leafspot
ragi,clayloam,60,29,85,120,visakhapatnam,kharif,44,rust
ragi,redclayloam,58,30,84,112,visakhapatnam,kharif,45,brownspot
ragi,redsandyloam,53,31,82,101,visakhapatnam,kharif,40,footrot
ragi,clayloam,61,29,87,125,visakhapatnam,kharif,46,bacterialleafstreak
ragi,redclayloam,56,30,80,108,visakhapatnam,kharif,42,seedlingblight
ragi,redsandyloam,59,30,83,115,visakhapatnam,kharif,43,mosaic
maize,redclayloam,61,30,86,118,visakhapatnam,kharif,36,downymildew
maize,redsandyloam,58,31,84,125,visakhapatnam,kharif,46,sorghumdownymildew
maize,clayloam,64,29,88,132,visakhapatnam,kharif,56,leafblight
maize,redclayloam,60,30,87,120,visakhapatnam,kharif,51,crazytop
maize,redsandyloam,56,32,82,104,visakhapatnam,kharif,43,rust
maize,clayloam,63,28,90,130,visakhapatnam,kharif,61,headsmut
maize,redclayloam,57,31,85,110,visakhapatnam,kharif,59,charcoalrot
maize,redsandyloam,59,33,80,102,visakhapatnam,kharif,54,bacterialstalkrot
maize,clayloam,62,30,88,126,visakhapatnam,kharif,62,mosaic
maize,redclayloam,60,29,84,115,visakhapatnam,kharif,48,brownspot
redgram,redsandyloams,55,27,80,105,visakhapatnam,kharif,74,stemblight
redgram,clayloams,65,27,80,110,visakhapatnam,kharif,56,stemblight
redgram,clayloams,65,29,75,110,visakhapatnam,kharif,67,leafspot
redgram,redsandyloams,65,26,80,95,visakhapatnam,kharif,48,leafspot
redgram,redsandyloams,60,27,85,95,visakhapatnam,kharif,58,brownblotch
redgram,redsandyloams,61,30,73,115,visakhapatnam,kharif,49,seedlingblight
redgram,redclayloams,59,28,74,124,visakhapatnam,kharif,53,anthracnose
redgram,redclayloams,63,27,79,130,visakhapatnam,kharif,56,brownblotch
redgram,clayloam,65,29,81,142,visakhapatnam,kharif,59,stemrot
blackgram,clayloams,65,26,85,95,visakhapatnam,rabi,46,ascochytaleafspot
blackgram,clayloams,55,28,80,110,visakhapatnam,rabi,78,bacterialblight
blackgram,redsandyloams,60,28,80,105,visakhapatnam,rabi,68,leafspot
blackgram,redsandyloams,65,26,85,110,visakhapatnam,rabi,73,anthracnose
blackgram,redclayloams,65,27,75,110,visakhapatnam,rabi,44,ascochytaleafspot
greengram,redclayloams,60,28,80,95,visakhapatnam,rabi,76,powderymildew
greengram,redsandyloams,55,29,85,105,visakhapatnam,rabi,45,anthracnose
greengram,redsandyloams,58,27,80,110,visakhapatnam,rabi,77,leafcurl
greengram,redsandyloams,59,28,75,98,visakhapatnam,rabi,70,ascochytaleafspot
greengram,redclayloams,62,30,78,103,visakhapatnam,rabi,48,leafcrinkledisease
greengram,redsandyloams,57,29,79,100,visakhapatnam,rabi,67,bacterialblight
greengram,redsandyloams,56,27,77,97,visakhapatnam,rabi,59,yellowmosaicdisease
greengram,redclayloams,60,26,82,94,visakhapatnam,rabi,64,rust
greengram,redclayloams,61,28,84,96,visakhapatnam,rabi,61,leafspot
greengram,redsandyloams,54,27,80,99,visakhapatnam,rabi,53,dryrootrot
sesamum,redclayloams,61,25,84,98,visakhapatnam,rabi,51,rootrot
sesamum,redsandyloams,58,24,86,105,visakhapatnam,rabi,46,powderymildew
sesamum,clayloams,64,26,82,112,visakhapatnam,rabi,53,stemrot
sesamum,redclayloams,60,27,81,91,visakhapatnam,rabi,49,bacterialleafspot
sesamum,coastalsandysoils,53,29,75,86,visakhapatnam,rabi,43,leafspot
sesamum,redsandyloams,59,25,84,99,visakhapatnam,rabi,52,leafblight
sesamum,redclayloams,63,28,79,102,visakhapatnam,rabi,56,phyllody
sesamum,clayloams,65,26,80,95,visakhapatnam,rabi,48,wilt
sesamum,redsandyloams,57,24,83,89,visakhapatnam,rabi,41,stemblight
sesamum,redclayloams,60,27,85,106,visakhapatnam,rabi,54,anthracnose
rajmah,redclayloam,62,26,82,98,visakhapatnam,rabi,41,anthracnose
rajmah,redsandyloam,58,27,78,85,visakhapatnam,rabi,46,angularleafspot
rajmah,clayloam,64,25,83,102,visakhapatnam,rabi,51,coonbacterialblight
rajmah,redclayloam,60,24,79,88,visakhapatnam,rabi,39,powderymildew
rajmah,redsandyloam,57,28,75,80,visakhapatnam,rabi,43,rust
rajmah,clayloam,63,25,84,100,visakhapatnam,rabi,54,webblight
rajmah,redclayloam,61,26,81,92,visakhapatnam,rabi,48,rootrot
niger,redclayloam,58,25,78,95,visakhapatnam,rabi,46,alternarialeafspot
niger,sandyloam,62,26,81,110,visakhapatnam,rabi,53,cercosporaleafspot
niger,redclayloam,55,24,80,90,visakhapatnam,rabi,41,powderymildew
niger,redsandyloam,60,27,84,105,visakhapatnam,rabi,49,rust
niger,redclayloam,65,26,85,112,visakhapatnam,rabi,61,rootrot
niger,clayloam,63,25,77,87,visakhapatnam,rabi,51,stemrot
niger,sandyloam,59,28,82,98,visakhapatnam,rabi,56,wilt
niger,redsandyloam,61,27,79,101,visakhapatnam,rabi,48,collarrot
niger,clayloam,57,26,80,92,visakhapatnam,rabi,44,bacterialblight
niger,redclayloam,60,25,76,85,visakhapatnam,rabi,45,leafblight
niger,redclayloam,56,24,79,88,visakhapatnam,rabi,43,downymildew
niger,sandyloam,54,25,81,94,visakhapatnam,rabi,50,anthracnose
niger,redsandyloam,55,26,82,90,visakhapatnam,rabi,47,sootymold
maize,clayloam,65,28,85,180,eastgodavari,kharif,51,downymildew
maize,sandyclayloam,60,30,80,150,eastgodavari,kharif,61,sorghumdownymildew
maize,clayloam,68,27,88,200,eastgodavari,kharif,46,crazytop
maize,redsandyloam,58,29,78,130,eastgodavari,kharif,56,leafblight
maize,clayloam,62,26,83,160,eastgodavari,kharif,71,rust
maize,clayloam,55,31,75,140,eastgodavari,rabi,81,headsmut
maize,sandyclayloam,52,33,70,100,eastgodavari,rabi,66,charcoalrot
maize,clayloam,66,32,88,220,eastgodavari,kharif,51,bacterialstalkrot
maize,redsandyloam,60,29,82,170,eastgodavari,kharif,56,mosaicvirus
maize,sandyclayloam,64,30,84,175,eastgodavari,kharif,61,brownspot
redgram,redsandyloams,58,28,82,97,eastgodavari,kharif,61,wilt
redgram,clayloamysoils,65,30,85,122,eastgodavari,kharif,51,dryrootrot
redgram,sandyclayloams,54,27,80,90,eastgodavari,kharif,46,powderymildew
redgram,redsandyloams,60,29,83,105,eastgodavari,kharif,53,stemblight
redgram,clayloamysoils,67,31,86,130,eastgodavari,kharif,66,leafspot
redgram,sandyclayloams,55,26,79,88,eastgodavari,kharif,41,sterilitymosaicdisease
redgram,redsandyloams,61,29,81,98,eastgodavari,kharif,49,seedlingblight
redgram,clayloamysoils,62,30,84,110,eastgodavari,kharif,59,brownblotch
redgram,sandyclayloams,59,28,82,100,eastgodavari,kharif,54,anthracnose
redgram,redsandyloams,63,29,80,95,eastgodavari,kharif,48,haloblight
greengram,clayloamysoils,62,30,80,105,eastgodavari,rabi,36,yellowmosaicdisease
greengram,sandyclayloams,56,29,78,92,eastgodavari,rabi,31,powderymildew
greengram,redsandyloams,48,33,60,67,eastgodavari,rabi,43,dryrootrot
greengram,clayloamysoils,65,27,85,110,eastgodavari,rabi,51,anthracnose
greengram,redsandyloams,52,28,73,90,eastgodavari,rabi,39,rust
greengram,sandyclayloams,58,31,76,95,eastgodavari,rabi,42,leafspot
greengram,clayloamysoils,60,29,82,108,eastgodavari,rabi,34,leafcrinkledisease
greengram,redsandyloams,50,30,70,84,eastgodavari,rabi,37,bacterialblight
greengram,clayloamysoils,61,28,79,101,eastgodavari,rabi,48,leafcurl
greengram,sandyclayloams,55,27,75,89,eastgodavari,rabi,41,ascochytaleafspot
blackgram,clayloamysoils,60,28,80,98,eastgodavari,rabi,36,yellowmosaicdisease
blackgram,sandyclayloams,54,30,75,87,eastgodavari,rabi,33,powderymildew
blackgram,redsandyloams,49,31,70,70,eastgodavari,rabi,41,dryrootrot
blackgram,clayloamysoils,63,27,85,108,eastgodavari,rabi,49,anthracnose
blackgram,redsandyloams,50,29,72,75,eastgodavari,rabi,38,rust
blackgram,sandyclayloams,55,28,78,82,eastgodavari,rabi,43,leafspot
blackgram,clayloamysoils,62,26,83,103,eastgodavari,rabi,34,leafcrinkledisease
blackgram,redsandyloams,51,29,74,79,eastgodavari,rabi,37,bacterialblight
blackgram,clayloamysoils,59,28,81,96,eastgodavari,rabi,46,leafcurl
blackgram,sandyclayloams,56,27,77,85,eastgodavari,rabi,40,ascochytaleafspot
cotton,blackcottonsoil,50,32,65,760,eastgodavari,kharif,43,wilt
cotton,blackcottonsoil,55,33,60,755,eastgodavari,kharif,50,rootrot
cotton,redsandyloam,45,34,58,740,eastgodavari,kharif,57,anthracnose
cotton,redsandyloam,48,35,60,735,eastgodavari,kharif,50,bacterialblight
cotton,clayloam,60,31,70,770,eastgodavari,kharif,64,bollrot
cotton,coastalalluvialsoil,65,30,75,780,eastgodavari,kharif,71,leafcurldisease
cotton,coastalalluvialsoil,62,29,78,775,eastgodavari,kharif,57,leafblight
cotton,clayloam,55,32,68,765,eastgodavari,kharif,64,greyorareolatemildew
cotton,blackcottonsoil,50,33,63,745,eastgodavari,kharif,43,leafspot
cotton,coastalalluvialsoil,60,31,80,785,eastgodavari,kharif,71,sootymould
cotton,sandyclayloam,48,34,66,750,eastgodavari,kharif,50,myrotheciumleafspot
cotton,redsandyloam,44,35,58,740,eastgodavari,kharif,57,stenosis
jowar,clayloam,60,31,78,760,eastgodavari,kharif,41,downymildew
jowar,sandyclayloam,55,30,75,760,eastgodavari,kharif,46,sorghumdownymildew
jowar,redsandyloam,58,32,70,760,eastgodavari,kharif,51,leafblight
jowar,clayloam,63,29,80,760,eastgodavari,kharif,56,rust
jowar,sandyclayloam,57,31,76,760,eastgodavari,kharif,61,headsmut
jowar,redsandyloam,54,30,72,760,eastgodavari,kharif,66,charcoalrot
jowar,clayloam,59,28,78,760,eastgodavari,kharif,71,bacterialstalkrot
jowar,sandyclayloam,61,30,74,760,eastgodavari,kharif,76,mosaic
jowar,clayloam,62,33,70,760,eastgodavari,kharif,81,crazytop
bajra,sandyclayloam,60,30,75,150,eastgodavari,kharif,31,downymildew
bajra,clayloam,65,31,70,120,eastgodavari,kharif,46,ergot
bajra,sandyclayloam,58,29,80,140,eastgodavari,kharif,41,smut
bajra,clayloam,62,32,78,160,eastgodavari,kharif,56,rust
bajra,sandyclayloam,55,30,70,110,eastgodavari,kharif,36,blast
bajra,clayloam,66,33,76,130,eastgodavari,kharif,61,leafblight
bajra,sandyclayloam,63,31,72,145,eastgodavari,kharif,51,bacterialleafstripe
bajra,clayloam,60,32,73,125,eastgodavari,kharif,66,leafspot
bajra,sandyclayloam,59,30,74,135,eastgodavari,kharif,71,charcoalrot
bajra,clayloam,64,31,79,140,eastgodavari,kharif,76,grainmold
ragi,sandyclayloam,65,30,80,760,eastgodavari,kharif,41,blast
ragi,sandyclayloam,70,29,75,700,eastgodavari,kharif,56,leafspot
ragi,clayloam,75,31,85,800,eastgodavari,kharif,61,fingerheadblast
ragi,clayloam,60,32,70,720,eastgodavari,kharif,46,brownspot
ragi,sandyclayloam,68,30,78,750,eastgodavari,kharif,51,seedlingblight
ragi,clayloam,70,31,82,760,eastgodavari,kharif,76,footrot
ragi,sandyclayloam,65,29,76,780,eastgodavari,kharif,81,sheathrot
ragi,clayloam,72,28,88,800,eastgodavari,kharif,71,leafblight
ragi,clayloam,74,30,85,810,eastgodavari,kharif,91,cercosporaleafspot
ragi,sandyclayloam,60,32,70,700,eastgodavari,kharif,86,helminthosporiumleafspot
minormillet,sandyclayloam,60,30,80,760,eastgodavari,kharif,36,blast
minormillet,redsandyloam,65,31,75,780,eastgodavari,kharif,41,smut
minormillet,sandyclayloam,68,30,78,750,eastgodavari,kharif,51,downymildew
minormillet,redsandyloam,70,29,80,730,eastgodavari,kharif,56,rust
minormillet,sandyclayloam,72,32,85,790,eastgodavari,kharif,61,leafspot
minormillet,redsandyloam,60,30,72,740,eastgodavari,kharif,46,bacterialleafstreak
minormillet,sandyclayloam,64,31,79,770,eastgodavari,kharif,71,helminthosporiumleafspot
minormillet,redsandyloam,66,30,82,760,eastgodavari,kharif,76,seedlingblight
minormillet,sandyclayloam,69,28,81,800,eastgodavari,kharif,81,cercosporaleafspot
minormillet,redsandyloam,67,30,83,795,eastgodavari,kharif,86,headsmut
bengalgram,clayloam,55,24,70,120,eastgodavari,rabi,26,fusariumwilt
bengalgram,sandyclayloam,60,25,68,100,eastgodavari,rabi,31,dryrootrot
bengalgram,clayloam,62,23,75,110,eastgodavari,rabi,36,collarrot
bengalgram,sandyclayloam,58,26,65,90,eastgodavari,rabi,41,ascochytablight
bengalgram,clayloam,60,24,72,115,eastgodavari,rabi,46,botrytisgraymold
bengalgram,sandyclayloam,63,22,70,95,eastgodavari,rabi,51,alternariablight
bengalgram,clayloam,59,25,68,100,eastgodavari,rabi,56,powderymildew
bengalgram,sandyclayloam,61,27,66,110,eastgodavari,rabi,61,anthracnose
bengalgram,clayloam,57,23,69,105,eastgodavari,rabi,66,leafspot
bengalgram,sandyclayloam,60,24,70,100,eastgodavari,rabi,71,bacterialblight
sesamum,clayloam,55,27,70,110,eastgodavari,rabi,21,rootrot
sesamum,sandyclayloam,50,28,68,95,eastgodavari,rabi,26,stemrot
sesamum,clayloam,57,30,72,105,eastgodavari,rabi,31,leafblight
sesamum,sandyclayloam,54,26,65,100,eastgodavari,rabi,36,leafspot
sesamum,clayloam,58,29,70,120,eastgodavari,rabi,41,wilt
sesamum,sandyclayloam,56,31,66,110,eastgodavari,rabi,46,stemblight
sesamum,clayloam,53,32,68,115,eastgodavari,rabi,51,powderymildew
sesamum,sandyclayloam,52,30,70,105,eastgodavari,rabi,56,bacterialleafspot
sesamum,clayloam,55,31,69,100,eastgodavari,rabi,61,phyllody
sesamum,sandyclayloam,50,28,67,95,eastgodavari,rabi,66,anthracnose
turmeric,clayloam,65,28,85,900,eastgodavari,kharif,61,leafspot
turmeric,sandyclayloam,60,30,88,950,eastgodavari,kharif,91,leafblotch
turmeric,clayloam,70,32,90,1050,eastgodavari,kharif,121,rhizomerot
turmeric,sandyclayloam,63,31,80,980,eastgodavari,kharif,151,bacterialleafspot
turmeric,clayloam,68,29,84,1000,eastgodavari,kharif,181,fusariumwilt
turmeric,sandyclayloam,64,30,86,1100,eastgodavari,kharif,211,anthracnose
turmeric,clayloam,67,28,83,950,eastgodavari,kharif,241,colletotrichumleafspot
turmeric,sandyclayloam,62,30,82,900,eastgodavari,kharif,271,leafblotch
turmeric,clayloam,66,31,85,1000,eastgodavari,kharif,301,rhizomerot
tobacco,sandyloam,50,24,70,950,eastgodavari,rabi,31,dampingoff
tobacco,sandyclayloam,52,26,65,1000,eastgodavari,rabi,46,frogeyeleafspot
tobacco,sandyloam,55,28,72,1100,eastgodavari,rabi,61,brownspot
tobacco,sandyclayloam,50,25,68,1020,eastgodavari,rabi,76,mosaicvirus
tobacco,sandyloam,53,27,75,1080,eastgodavari,rabi,91,blackshank
tobacco,sandyclayloam,50,29,80,1050,eastgodavari,rabi,101,leafcurlvirus
tobacco,sandyloam,48,26,66,990,eastgodavari,rabi,111,bacterialwilt
tobacco,sandyloam,47,24,64,970,eastgodavari,rabi,121,tobaccostreakvirus
sunflower,sandyloam,48,24,60,980,eastgodavari,rabi,26,downymildew
sunflower,clayloam,52,26,65,1020,eastgodavari,rabi,41,alternarialeafspot
sunflower,sandyloam,50,27,70,1100,eastgodavari,rabi,56,powderymildew
sunflower,clayloam,54,29,68,1050,eastgodavari,rabi,71,charcoalrot
sunflower,sandyloam,49,28,72,1080,eastgodavari,rabi,86,rust
sunflower,clayloam,51,30,75,1120,eastgodavari,rabi,96,headrot
sunflower,sandyloam,46,23,58,970,eastgodavari,rabi,106,stemrot
sunflower,clayloam,47,25,60,990,eastgodavari,rabi,121,phomopsisstemcanker
horsegram,redsandyloam,36,24,50,740,eastgodavari,rabi,26,leafspot
horsegram,clayloam,42,26,55,800,eastgodavari,rabi,41,powderymildew
horsegram,redsandyloam,38,27,60,810,eastgodavari,rabi,56,anthracnose
horsegram,clayloam,43,28,58,850,eastgodavari,rabi,71,yellowmosaicvirus
horsegram,redsandyloam,37,29,65,870,eastgodavari,rabi,91,dryrootrot
horsegram,clayloam,44,30,62,890,eastgodavari,rabi,101,collarrot
cowgram,redsandyloam,34,24,48,720,eastgodavari,rabi,31,leafspot
cowgram,clayloam,41,26,52,750,eastgodavari,rabi,46,anthracnose
cowgram,redsandyloam,36,27,55,780,eastgodavari,rabi,61,powderymildew
cowgram,clayloam,43,28,58,800,eastgodavari,rabi,76,yellowmosaicvirus
cowgram,redsandyloam,35,29,60,830,eastgodavari,rabi,91,rust
cowgram,clayloam,42,30,57,850,eastgodavari,rabi,101,dryrootrot
redgram,shallowredsoil,45,30,65,870,prakasam,kharif,56,wilt
redgram,deepblacksoil,40,29,70,870,prakasam,rabi,81,sterilitymosaicvirus
redgram,sandyloamysoil,30,32,60,870,prakasam,rabi,41,dryrootrot
redgram,shallowredsoil,42,28,66,870,prakasam,kharif,61,powderymildew
redgram,deepblacksoil,38,27,64,870,prakasam,rabi,71,leafspot
redgram,shallowredsoil,36,29,68,870,prakasam,kharif,66,phytophthorablight
redgram,sandyloamysoil,34,30,67,870,prakasam,rabi,51,seedlingblight
redgram,deepblacksoil,39,28,62,870,prakasam,rabi,76,brownblotch
redgram,shallowredsoil,37,31,70,870,prakasam,kharif,86,stemblight
redgram,sandyloamysoil,35,30,69,870,prakasam,rabi,56,leafcrinklevirus
cotton,deepblacksoil,50,34,75,870,prakasam,kharif,61,bacterialblight
redgram,blackcotton,72,28,74,250,krishna,rabi,38,haloblight
cotton,sandyloamysoil,42,33,70,870,prakasam,kharif,81,bollrot
cotton,shallowredsoil,46,31,72,870,prakasam,kharif,71,fusariumwilt
cotton,deepblacksoil,48,30,74,870,prakasam,rabi,91,verticilliumwilt
cotton,sandyloamysoil,36,32,71,870,prakasam,kharif,51,anthracnose
cotton,shallowredsoil,47,33,76,870,prakasam,rabi,86,alternarialeafblight
cotton,sandysoil,33,34,67,870,prakasam,kharif,56,graymildew
cotton,deepblacksoil,49,31,73,870,prakasam,kharif,96,rootrot
cotton,sandyloamysoil,41,30,70,870,prakasam,rabi,66,tobaccostreakvirus
bengalgram,shallowredsoil,38,27,60,870,prakasam,rabi,51,dryrootrot
bengalgram,sandyloamysoil,36,26,55,870,prakasam,rabi,61,wilt
bengalgram,deepblacksoil,42,25,58,870,prakasam,rabi,76,ascochytablight
bengalgram,shallowredsoil,40,28,63,870,prakasam,rabi,71,collarrot
bengalgram,deepblacksoil,45,29,64,870,prakasam,rabi,86,botrytisgraymold
bengalgram,sandyloamysoil,37,27,59,870,prakasam,rabi,56,alternariablight
bengalgram,shallowredsoil,39,28,60,870,prakasam,rabi,66,anthracnose
bengalgram,deepblacksoil,43,26,61,870,prakasam,rabi,81,rust
bengalgram,sandyloamysoil,35,25,56,870,prakasam,rabi,61,sclerotiniastemrot
bengalgram,shallowredsoil,41,27,57,870,prakasam,rabi,71,powderymildew
blackgram,sandyloamysoil,30,28,65,870,prakasam,rabi,46,yellowmosaicvirus
blackgram,shallowredsoil,40,29,70,870,prakasam,rabi,61,anthracnose
blackgram,deepblacksoil,45,27,75,870,prakasam,rabi,71,powderymildew
blackgram,sandyloamysoil,33,30,66,870,prakasam,rabi,56,leafcrinkledisease
blackgram,shallowredsoil,36,28,68,870,prakasam,rabi,66,cercosporaleafspot
blackgram,deepblacksoil,44,27,72,870,prakasam,rabi,76,rust
blackgram,sandyloamysoil,32,28,63,870,prakasam,rabi,51,dryrootrot
blackgram,shallowredsoil,38,29,69,870,prakasam,rabi,61,bacterialblight
blackgram,deepblacksoil,46,26,70,870,prakasam,rabi,81,stemrot
blackgram,sandyloamysoil,31,27,67,870,prakasam,rabi,56,haloblight
sesamum,sandyloamysoil,28,34,60,870,prakasam,kharif,41,phyllody
sesamum,shallowredsoil,30,33,65,870,prakasam,kharif,51,leafcurl
sesamum,deepblacksoil,33,31,62,870,prakasam,kharif,46,cercosporaleafspot
sesamum,sandyloamysoil,29,30,64,870,prakasam,kharif,56,powderymildew
sesamum,shallowredsoil,34,32,63,870,prakasam,kharif,61,alternariablight
sesamum,deepblacksoil,35,31,66,870,prakasam,kharif,66,macrophominarootrot
sesamum,sandyloamysoil,31,30,65,870,prakasam,kharif,71,bacterialblight
sesamum,shallowredsoil,36,30,67,870,prakasam,kharif,76,wilt
sesamum,deepblacksoil,37,29,68,870,prakasam,kharif,81,stemrot
sesamum,sandyloamysoil,32,30,69,870,prakasam,kharif,86,rust
bajra,sandyloamysoil,35,33,60,870,prakasam,kharif,41,downymildew
bajra,sandysoil,30,35,55,870,prakasam,kharif,51,smut
bajra,shallowredsoil,38,34,58,870,prakasam,kharif,61,ergot
bajra,sandyloamysoil,32,32,62,870,prakasam,kharif,46,rust
bajra,deepblacksoil,40,31,65,870,prakasam,kharif,56,blast
bajra,shallowredsoil,36,33,63,870,prakasam,kharif,71,leafspot
bajra,sandysoil,31,34,57,870,prakasam,kharif,51,bacterialleafstripe
bajra,sandyloamysoil,33,32,60,870,prakasam,kharif,66,grainsmut
bajra,deepblacksoil,39,30,66,870,prakasam,kharif,61,charcoalrot
bajra,shallowredsoil,37,31,64,870,prakasam,kharif,56,headsmut
castor,sandyloamysoil,34,33,62,870,prakasam,kharif,51,fusariumwilt
castor,shallowredsoil,36,31,64,870,prakasam,kharif,61,leafblight
castor,deepblacksoil,42,30,67,870,prakasam,kharif,71,alternariablight
castor,sandyloamysoil,32,32,60,870,prakasam,kharif,56,macrophominastemrot
castor,sandysoil,30,34,58,870,prakasam,kharif,46,graymold
castor,shallowredsoil,35,31,63,870,prakasam,kharif,66,rootrot
castor,deepblacksoil,43,29,66,870,prakasam,kharif,76,wilt
castor,sandyloamysoil,33,30,65,870,prakasam,kharif,71,cercosporaleafspot
castor,sandysoil,31,33,59,870,prakasam,kharif,51,anthracnose
castor,shallowredsoil,37,32,62,870,prakasam,kharif,81,botrytisblight
cowpea,sandyloamysoil,36,31,65,870,prakasam,rabi,51,cercosporaleafspot
cowpea,shallowredsoil,38,30,67,870,prakasam,rabi,61,anthracnose
cowpea,deepblacksoil,44,29,68,870,prakasam,rabi,71,powderymildew
cowpea,sandyloamysoil,34,28,63,870,prakasam,rabi,56,rust
cowpea,sandysoil,32,32,61,870,prakasam,rabi,46,bacterialblight
cowpea,shallowredsoil,39,31,66,870,prakasam,rabi,66,collarrot
cowpea,deepblacksoil,45,27,70,870,prakasam,rabi,76,seedlingblight
cowpea,sandyloamysoil,35,29,64,870,prakasam,rabi,61,southernblight
cowpea,sandysoil,33,30,60,870,prakasam,rabi,56,mosaicvirus
cowpea,shallowredsoil,40,28,69,870,prakasam,rabi,71,haloblight
tobacco,sandyloamysoil,38,30,65,870,prakasam,rabi,51,blackshank
tobacco,shallowredsoil,40,29,66,870,prakasam,rabi,61,dampingoff
tobacco,deepblacksoil,42,28,67,870,prakasam,rabi,71,tobaccomosaicvirus
tobacco,sandyloamysoil,37,31,64,870,prakasam,rabi,56,frogeyeleafspot
tobacco,sandysoil,35,32,62,870,prakasam,rabi,46,angularleafspot
tobacco,shallowredsoil,41,30,65,870,prakasam,rabi,66,powderymildew
tobacco,deepblacksoil,43,27,68,870,prakasam,rabi,76,rootknotnematode
tobacco,sandyloamysoil,36,29,63,870,prakasam,rabi,61,leafcurlvirus
tobacco,sandysoil,34,31,61,870,prakasam,rabi,51,anthracnose
tobacco,shallowredsoil,39,28,69,870,prakasam,rabi,71,collarrot
maize,sandyloamysoil,38,30,65,870,prakasam,kharif,51,downymildew
maize,shallowredsoil,40,31,66,870,prakasam,kharif,61,turcicumleafblight
maize,deepblacksoil,42,32,64,870,prakasam,kharif,71,maydisleafblight
maize,sandyloamysoil,36,30,67,870,prakasam,kharif,56,charcoalrot
maize,sandysoil,34,33,62,870,prakasam,kharif,46,rust
maize,shallowredsoil,41,30,68,870,prakasam,kharif,66,headsmut
maize,deepblacksoil,43,31,69,870,prakasam,kharif,76,sorghumdownymildew
maize,sandyloamysoil,37,32,63,870,prakasam,kharif,61,crazytop
maize,sandysoil,35,30,66,870,prakasam,kharif,51,bacterialstalkrot
maize,shallowredsoil,39,29,67,870,prakasam,kharif,71,mosaicvirus
jowar,redsandyloams,36,30,66,257.3,westgodavari,rabi,46,downymildew
jowar,clayloams,38,31,68,257.3,westgodavari,rabi,56,charcoalrot
jowar,sandyalluvial,34,32,65,257.3,westgodavari,rabi,61,anthracnose
jowar,deltaicalluvial,37,29,70,257.3,westgodavari,rabi,51,rust
jowar,coastalsandyloams,33,31,63,257.3,westgodavari,rabi,41,leafblight
jowar,clayloams,39,30,67,257.3,westgodavari,rabi,66,grainsmut
jowar,redsandyloams,35,28,69,257.3,westgodavari,rabi,71,headsmut
jowar,deltaicalluvial,36,29,66,257.3,westgodavari,rabi,56,zonateleafspot
jowar,sandyalluvial,34,30,68,257.3,westgodavari,rabi,51,ergot
jowar,clayloams,38,32,64,257.3,westgodavari,rabi,61,sootystripe
ragi,redsandyloams,35,29,68,257.3,westgodavari,rabi,31,blast
ragi,clayloams,36,28,70,257.3,westgodavari,rabi,41,leafspot
ragi,sandyalluvial,33,30,66,257.3,westgodavari,rabi,36,brownspot
ragi,deltaicalluvial,34,29,67,257.3,westgodavari,rabi,46,footrot
ragi,coastalsandyloams,32,31,65,257.3,westgodavari,rabi,26,downymildew
ragi,clayloams,37,30,69,257.3,westgodavari,rabi,51,rust
ragi,redsandyloams,35,28,68,257.3,westgodavari,rabi,56,seedlingblight
ragi,deltaicalluvial,36,29,66,257.3,westgodavari,rabi,46,headsmut
ragi,sandyalluvial,33,30,67,257.3,westgodavari,rabi,41,sheathrot
ragi,clayloams,38,32,64,257.3,westgodavari,rabi,61,neckblast
maize,clayloams,38,30,68,257.3,westgodavari,rabi,46,turcicumleafblight
maize,redsandyloams,36,29,70,257.3,westgodavari,rabi,61,coonrust
maize,deltaicalluvial,37,31,66,257.3,westgodavari,rabi,51,stalkrot
maize,sandyalluvial,35,28,69,257.3,westgodavari,rabi,56,bandedleafandsheathblight
maize,clayloams,39,30,67,257.3,westgodavari,rabi,66,maydisleafblight
maize,redsandyloams,37,29,68,257.3,westgodavari,rabi,41,downymildew
maize,deltaicalluvial,36,30,65,257.3,westgodavari,rabi,71,headsmut
maize,sandyalluvial,34,31,64,257.3,westgodavari,rabi,51,charcoalrot
maize,clayloams,38,32,63,257.3,westgodavari,rabi,56,bacterialstalkrot
maize,redsandyloams,36,30,66,257.3,westgodavari,rabi,61,mosaicvirus
minormillets,redsandyloams,38,30,75,792,westgodavari,kharif,41,blast
minormillets,clayloams,40,29,76,792,westgodavari,kharif,36,smut
minormillets,sandyalluvial,37,31,74,792,westgodavari,kharif,46,leafspot
minormillets,deltaicalluvial,39,30,73,792,westgodavari,kharif,51,downymildew
minormillets,redsandyloams,38,28,77,792,westgodavari,kharif,56,headsmut
minormillets,clayloams,41,29,76,792,westgodavari,kharif,61,seedlingblight
minormillets,sandyalluvial,36,30,72,792,westgodavari,kharif,41,rust
minormillets,deltaicalluvial,38,31,71,792,westgodavari,kharif,51,ergot
minormillets,redsandyloams,37,28,75,792,westgodavari,kharif,46,sheathrot
minormillets,clayloams,40,32,70,792,westgodavari,kharif,61,necrosis
redgram,redsandyloams,40,30,74,792,westgodavari,kharif,91,wilt
redgram,clayloams,42,29,75,792,westgodavari,kharif,101,dryrootrot
redgram,sandyalluvial,38,28,76,792,westgodavari,kharif,61,powderymildew
redgram,deltaicalluvial,41,31,72,792,westgodavari,kharif,81,stemblight
redgram,redsandyloams,39,30,73,792,westgodavari,kharif,71,leafspot
redgram,clayloams,43,29,74,792,westgodavari,kharif,76,sterilitymosaicdisease
redgram,sandyalluvial,37,30,75,792,westgodavari,kharif,51,seedlingblight
redgram,deltaicalluvial,40,28,76,792,westgodavari,kharif,61,brownblotch
redgram,redsandyloams,39,31,73,792,westgodavari,kharif,86,anthracnose
redgram,clayloams,42,29,72,792,westgodavari,kharif,96,stemrot
redgram,sandyalluvial,38,30,70,792,westgodavari,kharif,66,haloblight
blackgram,redsandyloams,45,29,78,792,westgodavari,kharif,61,powderymildew
blackgram,clayloams,47,30,75,792,westgodavari,kharif,91,anthracnose
blackgram,sandyalluvial,44,28,76,792,westgodavari,kharif,51,leafspot
blackgram,deltaicalluvial,43,31,74,792,westgodavari,kharif,71,rust
blackgram,redsandyloams,46,29,77,792,westgodavari,kharif,86,dryrootrot
blackgram,clayloams,45,30,75,792,westgodavari,kharif,61,yellowmosaicdisease
blackgram,sandyalluvial,44,30,73,792,westgodavari,kharif,91,leafcrinkledisease
blackgram,deltaicalluvial,42,28,76,792,westgodavari,kharif,56,leafcurl
blackgram,redsandyloams,43,30,72,792,westgodavari,kharif,81,ascochytaleafspot
blackgram,clayloams,45,29,74,792,westgodavari,kharif,66,bacterialblight
greengram,redsandyloams,44,29,77,792,westgodavari,kharif,61,powderymildew
greengram,clayloams,45,30,75,792,westgodavari,kharif,86,anthracnose
greengram,sandyalluvial,42,28,76,792,westgodavari,kharif,51,leafspot
greengram,deltaicalluvial,43,31,74,792,westgodavari,kharif,71,rust
greengram,redsandyloams,46,30,76,792,westgodavari,kharif,81,dryrootrot
greengram,clayloams,45,30,75,792,westgodavari,kharif,56,yellowmosaicdisease
greengram,sandyalluvial,43,29,77,792,westgodavari,kharif,91,leafcrinkledisease
greengram,deltaicalluvial,42,28,76,792,westgodavari,kharif,66,leafcurlnecrosis
greengram,redsandyloams,43,30,72,792,westgodavari,kharif,76,ascochytaleafspot
greengram,clayloams,44,29,74,792,westgodavari,kharif,71,bacterialblight
horsegram,redsandyloams,42,30,72,792,westgodavari,kharif,56,anthracnose
horsegram,clayloams,44,29,73,792,westgodavari,kharif,66,powderymildew
horsegram,sandyalluvial,41,31,70,792,westgodavari,kharif,51,leafspot
horsegram,deltaicalluvial,43,30,74,792,westgodavari,kharif,81,rust
horsegram,redsandyloams,42,30,76,792,westgodavari,kharif,61,collarrot
horsegram,clayloams,43,28,72,792,westgodavari,kharif,71,dryrootrot
horsegram,sandyalluvial,41,31,70,792,westgodavari,kharif,76,leafblight
horsegram,deltaicalluvial,44,29,74,792,westgodavari,kharif,86,stemrot
horsegram,redsandyloams,43,30,72,792,westgodavari,kharif,91,rootrot
horsegram,clayloams,42,28,75,792,westgodavari,kharif,61,bacterialleafspot
cowpea,redsandyloams,44,30,74,792,westgodavari,kharif,56,anthracnose
cowpea,clayloams,43,29,75,792,westgodavari,kharif,66,powderymildew
cowpea,sandyalluvial,41,28,72,792,westgodavari,kharif,51,cercosporaleafspot
cowpea,deltaicalluvial,42,30,73,792,westgodavari,kharif,71,rust
cowpea,redsandyloams,45,31,70,792,westgodavari,kharif,61,collarrot
cowpea,clayloams,44,28,74,792,westgodavari,kharif,81,rootrot
cowpea,sandyalluvial,42,30,76,792,westgodavari,kharif,91,bacterialblight
cowpea,deltaicalluvial,43,29,72,792,westgodavari,kharif,86,leafblight
cowpea,redsandyloams,41,30,75,792,westgodavari,kharif,71,wilt
cowpea,clayloams,42,28,73,792,westgodavari,kharif,61,mosaicvirus
turmeric,redsandyloams,60,29,85,792,westgodavari,kharif,46,rhizomerot
turmeric,clayloams,62,30,83,792,westgodavari,kharif,61,leafblotch
turmeric,sandyalluvial,58,31,82,792,westgodavari,kharif,76,leafspot
turmeric,deltaicalluvial,65,28,86,792,westgodavari,kharif,91,leafblight
turmeric,redsandyloams,61,30,80,792,westgodavari,kharif,121,fusariumwilt
turmeric,clayloams,64,29,84,792,westgodavari,kharif,151,collarrot
turmeric,sandyalluvial,59,31,81,792,westgodavari,kharif,181,bacterialleafspot
turmeric,deltaicalluvial,63,30,85,792,westgodavari,kharif,211,pythiumsoftrot
turmeric,redsandyloams,60,29,83,792,westgodavari,kharif,241,taphrinaleafspot
turmeric,clayloams,62,28,86,792,westgodavari,kharif,271,rhizomerot
cotton,redsandyloams,42,30,72,792,westgodavari,kharif,41,wilt
cotton,clayloams,44,29,75,792,westgodavari,kharif,61,verticilliumwilt
cotton,sandyalluvial,41,31,70,792,westgodavari,kharif,56,rootrot
cotton,deltaicalluvial,43,30,73,792,westgodavari,kharif,71,anthracnose
cotton,redsandyloams,45,29,76,792,westgodavari,kharif,81,areolatemildew
cotton,clayloams,43,30,72,792,westgodavari,kharif,91,bollrot
cotton,sandyalluvial,42,31,70,792,westgodavari,kharif,101,leafblight
cotton,deltaicalluvial,44,28,74,792,westgodavari,kharif,111,bacterialblight
cotton,redsandyloams,43,30,73,792,westgodavari,kharif,121,leafcurldisease
cotton,clayloams,45,29,75,792,westgodavari,kharif,131,stenosis
cotton,sandyalluvial,41,31,71,792,westgodavari,kharif,86,leafspot
cotton,deltaicalluvial,44,30,76,792,westgodavari,kharif,96,myrotheciumleafspot
cotton,redsandyloams,42,30,70,792,westgodavari,kharif,106,rust
cotton,clayloams,43,29,78,792,westgodavari,kharif,101,sootymould
sesamum,redsandyloams,43,30,72,792,westgodavari,kharif,31,rootrot
sesamum,clayloams,45,29,74,792,westgodavari,kharif,41,leafblight
sesamum,sandyalluvial,42,30,71,792,westgodavari,kharif,36,leafspot
sesamum,deltaicalluvial,44,28,75,792,westgodavari,kharif,51,wilt
sesamum,redsandyloams,46,29,70,792,westgodavari,kharif,56,stemblight
sesamum,clayloams,48,30,72,792,westgodavari,kharif,61,powderymildew
sesamum,sandyalluvial,43,31,69,792,westgodavari,kharif,46,bacterialleafspot
sesamum,deltaicalluvial,45,30,71,792,westgodavari,kharif,66,phyllody
sesamum,redsandyloams,44,29,73,792,westgodavari,kharif,71,bacterialleafspot
sesamum,clayloams,42,30,70,792,westgodavari,kharif,51,anthracnose
bengalgram,clayloams,42,27,75,239,westgodavari,rabi,36,ascochytablight
bengalgram,deltaicalluvial,44,26,76,239,westgodavari,rabi,41,rust
bengalgram,redsandyloams,43,28,72,239,westgodavari,rabi,51,wilt
bengalgram,clayloams,45,27,74,239,westgodavari,rabi,61,stuntdiseasevirus
bengalgram,sandyalluvial,41,28,71,239,westgodavari,rabi,46,collarrot
bengalgram,redsandyloams,43,27,73,239,westgodavari,rabi,56,footrot
bengalgram,clayloams,42,26,75,239,westgodavari,rabi,66,stemrot
bengalgram,deltaicalluvial,44,27,76,239,westgodavari,rabi,41,bacterialleafblight
bengalgram,redsandyloams,42,28,70,239,westgodavari,rabi,61,beancoonmosaicvirus
tobacco,sandyalluvial,42,27,76,239,westgodavari,rabi,21,dampingoff
tobacco,clayloams,44,28,74,239,westgodavari,rabi,31,blackshank
tobacco,redsandyloams,43,27,73,239,westgodavari,rabi,36,frogeyespot
tobacco,clayloams,45,26,75,239,westgodavari,rabi,41,powderymildew
tobacco,sandyalluvial,42,28,71,239,westgodavari,rabi,46,brownspot
tobacco,redsandyloams,43,27,74,239,westgodavari,rabi,51,anthracnose
tobacco,clayloams,44,27,72,239,westgodavari,rabi,56,wildfire
tobacco,redsandyloams,43,26,70,239,westgodavari,rabi,61,tobaccomosaic
tobacco,sandyalluvial,41,28,71,239,westgodavari,rabi,66,leafcurl
tobacco,clayloams,45,27,75,239,westgodavari,rabi,71,broomrape
sunflower,sandyalluvial,42,27,72,239,westgodavari,rabi,31,rootrot
sunflower,redsandyloams,43,28,74,239,westgodavari,rabi,41,leafblight
sunflower,clayloams,45,26,76,239,westgodavari,rabi,51,rust
sunflower,sandyalluvial,41,27,70,239,westgodavari,rabi,61,headrot
sunflower,redsandyloams,44,28,71,239,westgodavari,rabi,56,powderymildew
sunflower,clayloams,43,27,75,239,westgodavari,rabi,46,basalrot
sunflower,redsandyloams,42,26,74,239,westgodavari,rabi,66,necrosis
cotton,blackcotton,68,30,78,520,guntur,kharif,26,wilt
cotton,redsoils,50,33,65,390,guntur,kharif,31,verticilliumwilt
cotton,blackcotton,70,31,80,530,guntur,kharif,51,rootrot
cotton,blackcotton,75,29,85,620,guntur,kharif,86,anthracnose
cotton,blackcotton,65,29,82,500,guntur,kharif,36,greyorareolatemildew
cotton,blackcotton,80,28,88,600,guntur,kharif,76,bollrot
cotton,redsoils,60,31,70,450,guntur,kharif,41,leafblight
cotton,blackcotton,70,30,84,540,guntur,kharif,61,bacterialblight
cotton,redsoils,55,32,72,420,guntur,kharif,46,leafcurldisease
cotton,blackcotton,67,30,75,500,guntur,kharif,61,stenosisorsmallleaf
cotton,redsoils,50,34,60,360,guntur,kharif,46,rust
cotton,blackcotton,72,29,83,550,guntur,kharif,71,myrotheciumleafspot
cotton,redsoils,58,33,68,440,guntur,kharif,36,leafspot
cotton,blackcotton,78,30,86,600,guntur,kharif,81,sootymould
blackgram,redsoils,58,30,70,410,guntur,rabi,31,yellowmosaicdisease
blackgram,redsoils,55,29,68,400,guntur,rabi,46,anthracnose
blackgram,blackcotton,65,28,76,460,guntur,rabi,51,powderymildew
blackgram,redsoils,60,31,72,420,guntur,rabi,41,leafspot
blackgram,blackcotton,70,27,78,480,guntur,rabi,61,rust
blackgram,blackcotton,68,29,75,470,guntur,rabi,56,dryrootrot
blackgram,redsoils,50,32,66,390,guntur,rabi,36,leafcrinkledisease
blackgram,redsoils,52,33,65,380,guntur,rabi,31,leafcurl
blackgram,redsoils,54,31,67,400,guntur,rabi,41,ascochytaleafspot
blackgram,blackcotton,64,28,73,450,guntur,rabi,51,bacterialblight
maize,blackcotton,70,28,78,460,guntur,rabi,31,sorghumdownymildew
maize,redsoils,60,29,72,430,guntur,rabi,41,leafblight
maize,blackcotton,75,27,80,470,guntur,rabi,46,downymildew
maize,redsoils,58,30,70,410,guntur,rabi,36,philippinedownymildew
maize,blackcotton,68,31,76,450,guntur,rabi,51,crazytop
maize,blackcotton,73,29,79,460,guntur,rabi,56,headsmut
maize,blackcotton,70,30,77,480,guntur,rabi,61,bacterialstalkrot
maize,redsoils,64,31,68,420,guntur,rabi,41,rust
maize,redsoils,62,30,67,415,guntur,rabi,31,brownspot
maize,blackcotton,69,32,75,470,guntur,rabi,66,charcoalrot
maize,redsoils,60,28,70,400,guntur,rabi,36,mosaic
redgram,redsoils,55,30,68,400,guntur,rabi,31,sterilitymosaicdisease
redgram,redsoils,58,31,70,420,guntur,rabi,41,leafspot
redgram,blackcotton,65,29,75,450,guntur,rabi,46,stemblight
redgram,blackcotton,68,28,78,460,guntur,rabi,51,wilt
redgram,blackcotton,70,30,80,470,guntur,rabi,56,dryrootrot
redgram,redsoils,62,31,72,440,guntur,rabi,36,powderymildew
redgram,redsoils,52,33,65,390,guntur,rabi,26,seedlingblight
redgram,redsoils,60,30,68,410,guntur,rabi,41,brownblotch
redgram,blackcotton,66,29,76,455,guntur,rabi,51,anthracnose
redgram,redsoils,59,32,70,420,guntur,rabi,46,stemrot
redgram,redsoils,57,31,69,430,guntur,rabi,36,haloblight
blackgram,blackcotton,65,28,74,420,krishna,rabi,26,yellowmosaicdisease
blackgram,blackcotton,67,29,76,430,krishna,rabi,41,rust
blackgram,redloams,60,30,72,410,krishna,rabi,36,powderymildew
blackgram,sandyclayloams,55,31,68,390,krishna,rabi,31,anthracnose
blackgram,redloams,58,32,65,400,krishna,rabi,29,leafspot
blackgram,blackcotton,70,27,78,450,krishna,rabi,46,dryrootrot
blackgram,redloams,62,29,70,415,krishna,rabi,34,leafcrinkledisease
blackgram,sandyclayloams,57,30,69,395,krishna,rabi,27,leafcurl
blackgram,redloams,54,31,66,385,krishna,rabi,33,ascochytaleafspot
blackgram,blackcotton,68,28,75,435,krishna,rabi,41,bacterialblight
maize,blackcotton,68,28,74,430,krishna,rabi,31,downymildew
maize,blackcotton,70,29,76,440,krishna,rabi,36,sorghumdownymildew
maize,redloams,62,30,71,410,krishna,rabi,33,philippinedownymildew
maize,sandyclayloams,58,31,68,395,krishna,rabi,29,crazytop
maize,redloams,63,32,70,405,krishna,rabi,41,leafblight
maize,blackcotton,72,27,78,450,krishna,rabi,46,rust
maize,blackcotton,74,28,79,460,krishna,rabi,51,headsmut
maize,redloams,65,29,72,415,krishna,rabi,43,charcoalrot
maize,sandyclayloams,60,30,69,400,krishna,rabi,34,bacterialstalkrot
maize,redloams,64,31,71,405,krishna,rabi,37,mosaic
maize,blackcotton,71,29,75,435,krishna,rabi,39,brownspot
cotton,blackcotton,68,30,76,470,krishna,kharif,36,wilt
cotton,redloams,62,32,72,450,krishna,kharif,41,verticilliumwilt
cotton,blackcotton,70,31,74,480,krishna,kharif,46,rootrot
cotton,redloams,60,33,70,440,krishna,kharif,39,anthracnose
cotton,sandyclayloams,58,34,69,430,krishna,kharif,33,greyorareolatemildew
cotton,blackcotton,72,29,78,490,krishna,kharif,51,bollrot
cotton,redloams,63,31,73,455,krishna,kharif,43,leafblight
cotton,blackcotton,75,30,79,495,krishna,kharif,49,bacterialblight
cotton,sandyclayloams,61,32,71,440,krishna,kharif,37,leafcurldisease
cotton,redloams,59,33,68,435,krishna,kharif,40,stenosisorsmallleaf
cotton,redloams,60,32,70,440,krishna,kharif,35,leafspot
cotton,blackcotton,68,31,74,460,krishna,kharif,38,myrotheciumleafspot
cotton,sandyclayloams,62,30,73,445,krishna,kharif,42,rust
cotton,redloams,64,29,75,455,krishna,kharif,44,sootymould
greengram,redloams,60,28,70,240,krishna,rabi,31,powderymildew
greengram,blackcotton,68,29,74,250,krishna,rabi,35,anthracnose
greengram,redloams,62,27,68,235,krishna,rabi,29,leafspot
greengram,sandyclayloams,58,30,69,245,krishna,rabi,37,rust
greengram,blackcotton,70,28,73,255,krishna,rabi,41,dryrootrot
greengram,redloams,63,29,72,250,krishna,rabi,33,yellowmosaicdisease
greengram,blackcotton,72,27,75,260,krishna,rabi,34,leafcrinkledisease
greengram,sandyclayloams,59,30,70,240,krishna,rabi,32,leafcurl
greengram,redloams,61,28,71,245,krishna,rabi,30,ascochytaleafspot
greengram,blackcotton,69,29,74,250,krishna,rabi,36,bacterialblight
tobacco,sandyclayloams,62,27,70,240,krishna,rabi,26,dampingoff
tobacco,blackcotton,70,28,73,250,krishna,rabi,31,blackshank
tobacco,redloams,63,27,69,235,krishna,rabi,35,frogeyespot
tobacco,blackcotton,68,29,72,255,krishna,rabi,38,powderymildew
tobacco,redloams,60,30,68,230,krishna,rabi,40,brownspot
tobacco,sandyclayloams,65,29,71,245,krishna,rabi,42,anthracnose
tobacco,blackcotton,71,28,74,260,krishna,rabi,36,wildfire
tobacco,redloams,64,27,70,250,krishna,rabi,34,tobaccomosaic
tobacco,sandyclayloams,66,28,69,245,krishna,rabi,39,leafcurl
tobacco,blackcotton,72,27,75,255,krishna,rabi,45,broomrape
redgram,blackcotton,70,28,72,250,krishna,rabi,36,wilt
redgram,sandyclayloams,62,29,68,245,krishna,rabi,41,dryrootrot
redgram,redloams,60,27,70,240,krishna,rabi,39,powderymildew
redgram,redloams,63,28,72,248,krishna,rabi,43,stemblight
redgram,blackcotton,71,30,74,260,krishna,rabi,35,leafspot
redgram,sandyclayloams,65,27,75,250,krishna,rabi,37,sterilitymosaicdisease
redgram,redloams,61,27,68,238,krishna,rabi,29,seedlingblight
redgram,blackcotton,70,29,73,255,krishna,rabi,34,brownblotch
redgram,redloams,60,28,70,242,krishna,rabi,40,anthracnose
redgram,sandyclayloams,64,29,71,249,krishna,rabi,42,stemrot
mango,redloamy,40,30,70,110,visakhapatnam,kharif,201,anthracnose
mango,redloamy,40,30,70,110,visakhapatnam,kharif,201,rootrot
banana,alluvial,65,29,85,150,visakhapatnam,annual,301,panamawilt
pineapple,lateritic,50,27,80,140,visakhapatnam,annual,241,heartrot
guava,redsandyloam,55,28,75,90,visakhapatnam,kharif,151,wilt
guava,redsandyloam,55,28,75,90,visakhapatnam,kharif,151,fruitrot
tomato,sandyloam,65,25,78,45,visakhapatnam,kharif,41,leafcurlvirus
tomato,sandyloam,65,25,78,45,visakhapatnam,kharif,41,fruitrot
brinjal,sandyloam,60,27,80,60,visakhapatnam,kharif,91,bacterialwilt
bhendi,sandyloam,55,28,76,70,visakhapatnam,kharif,76,yellowveinmosaicvirus
chillies,redsandy,50,29,78,85,visakhapatnam,kharif,121,bacterialleafspot
chillies,redsandy,50,29,78,85,visakhapatnam,kharif,121,dieback
beans,clayloam,60,26,77,80,visakhapatnam,kharif,66,leafspot
gourds,sandyloam,58,27,74,75,visakhapatnam,kharif,61,downymildew
coffee,redloamy,65,22,90,160,visakhapatnam,annual,366,coffeerust
cashew,redsandy,35,32,65,100,visakhapatnam,kharif,251,teamosquitobug
coconut,coastalsandy,65,30,80,120,visakhapatnam,annual,366,budrot
arecanut,alluvial,60,29,82,130,visakhapatnam,annual,366,yellowleafdisease
turmeric,clayloam,70,28,80,110,visakhapatnam,kharif,241,rhizomerot
turmeric,clayloam,70,28,80,110,visakhapatnam,kharif,241,leafspot
mango,redloamy,40,30,70,110,srikakulam,kharif,201,anthracnose
chillies,sandyloam,60,28,75,80,srikakulam,kharif,61,powderymildew
chillies,sandyloam,60,28,75,80,srikakulam,kharif,61,dampingoff
onion,alluvialloam,55,26,78,70,srikakulam,rabi,91,purpleblotch
onion,alluvialloam,55,26,78,70,srikakulam,rabi,91,stemphyliumblight
coconut,sandy,65,30,80,120,srikakulam,annual,366,budrot
coconut,sandy,65,30,80,120,srikakulam,annual,366,eriophyidmiteinfestation
cashew,redsandy,35,32,65,100,srikakulam,kharif,251,teamosquitobug
cashew,redsandy,35,32,65,100,srikakulam,kharif,251,powderymildew
oilpalm,redloamy,70,31,85,150,srikakulam,annual,301,basalstemrot
arecanut,alluvial,60,29,82,130,srikakulam,annual,366,yellowleafdisease
mango,redsandyloam,40,30,70,1150,vizianagaram,kharif,201,anthracnose
mango,redsandyloam,40,30,70,1150,vizianagaram,kharif,201,hopper
mango,redsandyloam,40,30,70,1150,vizianagaram,kharif,201,mealybug
mango,redsandyloam,40,30,70,1150,vizianagaram,kharif,201,malformation
cashew,sandyloam,35,30,70,1150,vizianagaram,kharif,181,dieback
brinjal,loamy,45,30,75,1150,vizianagaram,kharif,121,leafspot
brinjal,loamy,45,30,75,1150,vizianagaram,kharif,121,fruitrot
arecanut,sandyloam,55,28,80,1150,vizianagaram,kharif,221,budrot
oilpalm,clayloam,60,28,80,1150,vizianagaram,kharif,221,basalstemrot
coconut,sandyloam,50,28,80,1150,vizianagaram,kharif,221,rootwilt
batavian,redloamy,55,30,80,665,nellore,kharif,201,fungalinfection
orange,redloamy,55,30,80,665,nellore,kharif,201,fungalinfection
cashew,redsandy,40,32,70,665,nellore,kharif,251,fungalinfection
banana,alluvial,70,29,85,665,nellore,kharif,301,fungalinfection
chillies,redsandy,50,29,78,665,nellore,kharif,121,spodoptera
chillies,redsandy,50,29,78,665,nellore,kharif,121,mold
oilpalm,redloamy,65,31,85,665,nellore,annual,301,rootzonefungalinfection
banana,blackcotton,35,30,75,200,krishna,kharif,91,leafspots
banana,blackcotton,35,30,75,200,krishna,kharif,91,rhizomerotting
guava,redloam,30,28,70,180,krishna,rabi,81,anthracnose
chillies,sandyclayloam,25,32,60,150,krishna,kharif,61,leafspots
chillies,sandyclayloam,25,32,60,150,krishna,kharif,61,anthracnose
tomato,sandyclayloam,30,30,65,160,krishna,rabi,71,leafspots
turmeric,blackcotton,45,29,80,210,krishna,kharif,121,rhizomerot
turmeric,blackcotton,45,29,80,210,krishna,postharvest,181,mouldpostharvest
coconut,blackcotton,50,30,78,220,krishna,rabi,151,mouldpostharvest
oilpalm,blackcotton,50,31,80,230,krishna,kharif,151,twistedleaves
oilpalm,blackcotton,50,31,80,230,krishna,kharif,151,hangingbunches
mango,clayloamy,30,30,75,1204,eastgodavari,kharif,151,waterstress
mango,clayloamy,30,30,75,1204,eastgodavari,kharif,151,rootzonerot
banana,sandyclayloam,35,30,80,1204,eastgodavari,kharif,91,rhizomerot
banana,sandyclayloam,35,30,80,1204,eastgodavari,kharif,91,lodging
lemon,clayloamy,30,30,80,1204,eastgodavari,kharif,101,fungalinfection
lemon,clayloamy,30,30,80,1204,eastgodavari,kharif,101,collarrot
cashew,redsandyloam,28,30,75,1204,eastgodavari,kharif,121,wetrootstress
chillies,sandyclayloam,28,30,70,1204,eastgodavari,kharif,76,fruitrot
bhendi,sandyclayloam,28,30,70,1204,eastgodavari,kharif,61,dampingoff
brinjal,sandyclayloam,28,30,70,1204,eastgodavari,kharif,76,leafspot
gourds,sandyclayloam,28,30,70,1204,eastgodavari,kharif,71,waterloggingdamage
coconut,clayloamy,40,31,80,1204,eastgodavari,kharif,181,rootstress
oilpalm,clayloamy,40,31,80,1204,eastgodavari,kharif,181,nutrientdeficiency
cashew,redsandyloam,35,30,70,120,westgodavari,kharif,201,teamosquitobug
mango,redloamy,40,30,70,120,westgodavari,kharif,201,anthracnose
banana,alluvial,60,31,80,120,westgodavari,yearround,301,sigatoka
lemon,sandyloam,35,29,68,120,westgodavari,rabi,181,citruscanker
chillies,blacksoil,45,32,65,120,westgodavari,rabi,151,leafcurlvirus
brinjal,clayloam,50,30,75,120,westgodavari,rabi,131,shootandfruitborer
oilpalm,clayloam,60,32,85,120,westgodavari,perennial,366,budrot
coconut,sandyloam,55,30,78,120,westgodavari,perennial,366,eriophyidmite
mango,redsoil,40,30,70,870,prakasam,kharif,201,anthracnose
mango,redsoil,40,30,70,870,prakasam,kharif,201,rootrot
sapota,redsoil,45,29,65,870,prakasam,kharif,181,wilt
papaya,redsandyloam,50,28,75,870,prakasam,kharif,181,ringspotvirus
lemon,redsoil,40,30,65,870,prakasam,kharif,161,bacterialleafspot
chillies,blacksoil,35,30,60,870,prakasam,kharif,131,dieback
chillies,blacksoil,35,30,60,870,prakasam,kharif,131,fruitrot
tomato,sandyloam,40,28,70,870,prakasam,kharif,101,blight
tomato,sandyloam,40,28,70,870,prakasam,kharif,101,wilt
tomato,sandyloam,40,28,70,870,prakasam,kharif,101,virus
coriander,blacksoil,30,26,60,870,prakasam,rabi,111,powderymildew
coriander,blacksoil,30,26,60,870,prakasam,rabi,111,wilt
bss355,sandyloam,65,28,65,876,guntur,kharif,91,chilliveinalmottleviruschivmv
bangaram,sandyloam,65,28,65,876,guntur,rabi,91,tospovirusgbnv
2222,sandyloam,65,28,65,876,guntur,kharif,91,cucumbermosaicviruscmv
classic,sandyloam,65,28,65,876,guntur,rabi,91,tobaccomosaicvirustmv
byadagi,sandyloam,65,28,65,876,guntur,kharif,91,chillileafcurlviruschlcv
5531,sandyloam,65,28,65,876,guntur,rabi,91,chilliveinalmottleviruschivmv
155,sandyloam,65,28,65,876,guntur,kharif,91,tospovirusgbnv
250,sandyloam,65,28,65,876,guntur,kharif,91,cucumbermosaicviruscmv
275,sandyloam,65,28,65,876,guntur,rabi,91,tobaccomosaicvirustmv
341,sandyloam,65,28,65,876,guntur,kharif,91,chillileafcurlviruschlcv
no5,sandyloam,65,28,65,876,guntur,rabi,91,chilliveinalmottleviruschivmv
tejeswini,sandyloam,65,28,65,876,guntur,kharif,91,tospovirusgbnv
lca625,sandyloam,65,28,65,876,guntur,kharif,91,cucumbermosaicviruscmv
lca620,sandyloam,65,28,65,876,guntur,rabi,91,tobaccomosaicvirustmv
lch111,sandyloam,65,28,65,876,guntur,kharif,91,chillileafcurlviruschlcv
lca657,sandyloam,65,28,65,876,guntur,rabi,91,chilliveinalmottleviruschivmv
lca680,sandyloam,65,28,65,876,guntur,kharif,91,tospovirusgbnv
lca684,sandyloam,65,28,65,876,guntur,rabi,91,cucumbermosaicviruscmv
lca643,sandyloam,65,28,65,876,guntur,kharif,91,tobaccomosaicvirustmv
mango,redloamy,40,30,70,110,guntur,kharif,201,anthracnose
mango,redloamy,40,30,70,110,guntur,kharif,201,powderymildew
mango,redloamy,40,30,70,110,guntur,kharif,201,dieback
banana,loamy,60,28,85,150,guntur,kharif,181,sigatokaleafspot
banana,loamy,60,28,85,150,guntur,kharif,181,panamawilt
banana,loamy,60,28,85,150,guntur,kharif,181,anthracnose
lemon,sandyloam,35,29,65,100,guntur,rabi,161,citruscanker
lemon,sandyloam,35,29,65,100,guntur,rabi,161,guosis
lemon,sandyloam,35,29,65,100,guntur,rabi,161,dieback
orange,sandyloam,35,29,65,100,guntur,rabi,161,citruscanker
orange,sandyloam,35,29,65,100,guntur,rabi,161,fungalinfections
orange,sandyloam,35,29,65,100,guntur,rabi,161,dieback
papaya,loamy,50,30,75,130,guntur,kharif,151,powderymildew
papaya,loamy,50,30,75,130,guntur,kharif,151,anthracnose
papaya,loamy,50,30,75,130,guntur,kharif,151,ringspotvirus
chillies,blacksoil,30,29,60,90,guntur,rabi,141,anthracnose
chillies,blacksoil,30,29,60,90,guntur,rabi,141,powderymildew
chillies,blacksoil,30,29,60,90,guntur,rabi,141,leafspot
bhendi,sandyloam,30,30,65,100,guntur,kharif,121,yellowveinmosaicvirus
bhendi,sandyloam,30,30,65,100,guntur,kharif,121,powderymildew
bhendi,sandyloam,30,30,65,100,guntur,kharif,121,leafspot
cucumber,sandyloam,40,30,70,100,guntur,kharif,121,downymildew
cucumber,sandyloam,40,30,70,100,guntur,kharif,121,powderymildew
cucumber,sandyloam,40,30,70,100,guntur,kharif,121,anthracnose
brinjal,loamy,45,27,75,100,guntur,rabi,131,bacterialwilt
brinjal,loamy,45,27,75,100,guntur,rabi,131,leafspot
brinjal,loamy,45,27,75,100,guntur,rabi,131,collarrot
turmeric,sandyloam,55,28,80,120,guntur,kharif,221,rhizomerot
turmeric,sandyloam,55,28,80,120,guntur,kharif,221,leafspot
turmeric,sandyloam,55,28,80,120,guntur,kharif,221,rhizomeflyinfestation
